{
	"credit": "Made with Blockbench",
	"textures": {
		"0": "portal_guns/portal_gun",
		"particle": "portal_guns/portal_gun"
	},
	"elements": [
		{
			"from": [7.1, 0, 4.85],
			"to": [8.9, 2, 7.85],
			"rotation": {"angle": 0, "axis": "y", "origin": [15, 8, 11.85]},
			"faces": {
				"north": {"uv": [9, 7, 10, 8], "texture": "#0"},
				"east": {"uv": [9, 7, 10, 8], "texture": "#0"},
				"south": {"uv": [9, 7, 10, 8], "texture": "#0"},
				"west": {"uv": [9, 7, 10, 8], "texture": "#0"},
				"up": {"uv": [9, 7, 10, 8], "texture": "#0"},
				"down": {"uv": [9, 7, 10, 8], "texture": "#0"}
			}
		},
		{
			"from": [8.9, 0.3, 4.85],
			"to": [9.1, 2, 7.85],
			"rotation": {"angle": 0, "axis": "y", "origin": [16.9, 8, 11.85]},
			"faces": {
				"north": {"uv": [9, 0, 9.2, 1.7], "texture": "#0"},
				"east": {"uv": [9, 0, 12, 1.7], "texture": "#0"},
				"south": {"uv": [9, 0, 9.2, 1.7], "texture": "#0"},
				"west": {"uv": [9, 0, 12, 1.7], "texture": "#0"},
				"up": {"uv": [9, 0, 9.2, 3], "texture": "#0"},
				"down": {"uv": [9, 0, 9.2, 3], "texture": "#0"}
			}
		},
		{
			"from": [8.9, 1, 3.85],
			"to": [9.1, 2, 4.85],
			"rotation": {"angle": 0, "axis": "y", "origin": [16.9, 8, 8.85]},
			"faces": {
				"north": {"uv": [9, 0, 9.2, 1], "texture": "#0"},
				"east": {"uv": [9, 0, 10, 1], "texture": "#0"},
				"south": {"uv": [9, 0, 9.2, 1], "texture": "#0"},
				"west": {"uv": [9, 0, 10, 1], "texture": "#0"},
				"up": {"uv": [9, 0, 9.2, 1], "texture": "#0"},
				"down": {"uv": [9, 0, 9.2, 1], "texture": "#0"}
			}
		},
		{
			"from": [8.9, 0.5, 4.35],
			"to": [9.1, 1, 4.85],
			"rotation": {"angle": 0, "axis": "y", "origin": [16.9, 7, 8.85]},
			"faces": {
				"north": {"uv": [9, 0, 9.2, 0.5], "texture": "#0"},
				"east": {"uv": [9, 0, 9.5, 0.5], "texture": "#0"},
				"south": {"uv": [9, 0, 9.2, 0.5], "texture": "#0"},
				"west": {"uv": [9, 0, 9.5, 0.5], "texture": "#0"},
				"up": {"uv": [9, 0, 9.2, 0.5], "texture": "#0"},
				"down": {"uv": [9, 0, 9.2, 0.5], "texture": "#0"}
			}
		},
		{
			"from": [6.9, 0.5, 4.35],
			"to": [7.1, 1, 4.85],
			"rotation": {"angle": 0, "axis": "y", "origin": [15, 7, 8.85]},
			"faces": {
				"north": {"uv": [9, 0, 9.2, 0.5], "texture": "#0"},
				"east": {"uv": [9, 0, 9.5, 0.5], "texture": "#0"},
				"south": {"uv": [9, 0, 9.2, 0.5], "texture": "#0"},
				"west": {"uv": [9, 0, 9.5, 0.5], "texture": "#0"},
				"up": {"uv": [9, 0, 9.2, 0.5], "texture": "#0"},
				"down": {"uv": [9, 0, 9.2, 0.5], "texture": "#0"}
			}
		},
		{
			"from": [8.05, 1.5, 3.75],
			"to": [9, 2, 3.95],
			"rotation": {"angle": 0, "axis": "y", "origin": [16.9, 8, 8.85]},
			"faces": {
				"north": {"uv": [9, 0, 9.95, 0.5], "texture": "#0"},
				"east": {"uv": [9, 0, 9.2, 0.5], "texture": "#0"},
				"south": {"uv": [9, 0, 9.95, 0.5], "texture": "#0"},
				"west": {"uv": [9, 0, 9.2, 0.5], "texture": "#0"},
				"up": {"uv": [9, 0, 9.95, 0.2], "texture": "#0"},
				"down": {"uv": [9, 0, 9.95, 0.2], "texture": "#0"}
			}
		},
		{
			"from": [7, 1.5, 3.75],
			"to": [7.95, 2, 3.95],
			"rotation": {"angle": 0, "axis": "y", "origin": [15.85, 8, 8.85]},
			"faces": {
				"north": {"uv": [9, 0, 9.95, 0.5], "texture": "#0"},
				"east": {"uv": [9, 0, 9.2, 0.5], "texture": "#0"},
				"south": {"uv": [9, 0, 9.95, 0.5], "texture": "#0"},
				"west": {"uv": [9, 0, 9.2, 0.5], "texture": "#0"},
				"up": {"uv": [9, 0, 9.95, 0.2], "texture": "#0"},
				"down": {"uv": [9, 0, 9.95, 0.2], "texture": "#0"}
			}
		},
		{
			"from": [6.9, 1, 3.85],
			"to": [7.1, 2, 4.85],
			"rotation": {"angle": 0, "axis": "y", "origin": [15, 8, 8.85]},
			"faces": {
				"north": {"uv": [9, 0, 9.2, 1], "texture": "#0"},
				"east": {"uv": [9, 0, 10, 1], "texture": "#0"},
				"south": {"uv": [9, 0, 9.2, 1], "texture": "#0"},
				"west": {"uv": [9, 0, 10, 1], "texture": "#0"},
				"up": {"uv": [9, 0, 9.2, 1], "texture": "#0"},
				"down": {"uv": [9, 0, 9.2, 1], "texture": "#0"}
			}
		},
		{
			"from": [6.9, 0.3, 4.85],
			"to": [7.1, 2, 7.85],
			"rotation": {"angle": 0, "axis": "y", "origin": [15, 8, 11.85]},
			"faces": {
				"north": {"uv": [9, 0, 9.2, 1.7], "texture": "#0"},
				"east": {"uv": [9, 0, 12, 1.7], "texture": "#0"},
				"south": {"uv": [9, 0, 9.2, 1.7], "texture": "#0"},
				"west": {"uv": [9, 0, 12, 1.7], "texture": "#0"},
				"up": {"uv": [9, 0, 9.2, 3], "texture": "#0"},
				"down": {"uv": [9, 0, 9.2, 3], "texture": "#0"}
			}
		},
		{
			"from": [7, 0.3, 9.75],
			"to": [7.2, 1.6, 11.05],
			"rotation": {"angle": 0, "axis": "y", "origin": [15.1, 8, 16.85]},
			"faces": {
				"north": {"uv": [9, 0, 9.2, 1.3], "texture": "#0"},
				"east": {"uv": [9, 0, 10.3, 1.3], "texture": "#0"},
				"south": {"uv": [9, 0, 9.2, 1.3], "texture": "#0"},
				"west": {"uv": [9, 0, 10.3, 1.3], "texture": "#0"},
				"up": {"uv": [9, 0, 9.2, 1.3], "texture": "#0"},
				"down": {"uv": [9, 0, 9.2, 1.3], "texture": "#0"}
			}
		},
		{
			"from": [8.8, 0.3, 9.75],
			"to": [9, 1.6, 11.05],
			"rotation": {"angle": 0, "axis": "y", "origin": [16.9, 8, 16.85]},
			"faces": {
				"north": {"uv": [9, 0, 9.2, 1.3], "texture": "#0"},
				"east": {"uv": [9, 0, 10.3, 1.3], "texture": "#0"},
				"south": {"uv": [9, 0, 9.2, 1.3], "texture": "#0"},
				"west": {"uv": [9, 0, 10.3, 1.3], "texture": "#0"},
				"up": {"uv": [9, 0, 9.2, 1.3], "texture": "#0"},
				"down": {"uv": [9, 0, 9.2, 1.3], "texture": "#0"}
			}
		},
		{
			"from": [7.2, 0.3, 8.95],
			"to": [8.8, 0.5, 12.45],
			"rotation": {"angle": 0, "axis": "y", "origin": [15.3, 8, 16.85]},
			"faces": {
				"north": {"uv": [9, 0, 10.6, 0.2], "texture": "#0"},
				"east": {"uv": [9, 0, 12.5, 0.2], "texture": "#0"},
				"south": {"uv": [9, 0, 10.6, 0.2], "texture": "#0"},
				"west": {"uv": [9, 0, 12.5, 0.2], "texture": "#0"},
				"up": {"uv": [9, 0, 10.6, 3.5], "texture": "#0"},
				"down": {"uv": [9, 0, 10.6, 3.5], "texture": "#0"}
			}
		},
		{
			"from": [7, 0.3, 9.35],
			"to": [7.2, 1.4, 9.75],
			"rotation": {"angle": 0, "axis": "y", "origin": [15.1, 8, 15.55]},
			"faces": {
				"north": {"uv": [9, 0, 9.2, 1.1], "texture": "#0"},
				"east": {"uv": [9, 0, 9.4, 1.1], "texture": "#0"},
				"south": {"uv": [9, 0, 9.2, 1.1], "texture": "#0"},
				"west": {"uv": [9, 0, 9.4, 1.1], "texture": "#0"},
				"up": {"uv": [9, 0, 9.2, 0.4], "texture": "#0"},
				"down": {"uv": [9, 0, 9.2, 0.4], "texture": "#0"}
			}
		},
		{
			"from": [8.8, 0.3, 9.35],
			"to": [9, 1.4, 9.75],
			"rotation": {"angle": 0, "axis": "y", "origin": [16.9, 8, 15.55]},
			"faces": {
				"north": {"uv": [9, 0, 9.2, 1.1], "texture": "#0"},
				"east": {"uv": [9, 0, 9.4, 1.1], "texture": "#0"},
				"south": {"uv": [9, 0, 9.2, 1.1], "texture": "#0"},
				"west": {"uv": [9, 0, 9.4, 1.1], "texture": "#0"},
				"up": {"uv": [9, 0, 9.2, 0.4], "texture": "#0"},
				"down": {"uv": [9, 0, 9.2, 0.4], "texture": "#0"}
			}
		},
		{
			"from": [7, 0.3, 11.05],
			"to": [7.2, 1.4, 11.45],
			"rotation": {"angle": 0, "axis": "y", "origin": [15.1, 8, 17.25]},
			"faces": {
				"north": {"uv": [9, 0, 9.2, 1.1], "texture": "#0"},
				"east": {"uv": [9, 0, 9.4, 1.1], "texture": "#0"},
				"south": {"uv": [9, 0, 9.2, 1.1], "texture": "#0"},
				"west": {"uv": [9, 0, 9.4, 1.1], "texture": "#0"},
				"up": {"uv": [9, 0, 9.2, 0.4], "texture": "#0"},
				"down": {"uv": [9, 0, 9.2, 0.4], "texture": "#0"}
			}
		},
		{
			"from": [8.8, 0.3, 11.05],
			"to": [9, 1.4, 11.45],
			"rotation": {"angle": 0, "axis": "y", "origin": [16.9, 8, 17.25]},
			"faces": {
				"north": {"uv": [9, 0, 9.2, 1.1], "texture": "#0"},
				"east": {"uv": [9, 0, 9.4, 1.1], "texture": "#0"},
				"south": {"uv": [9, 0, 9.2, 1.1], "texture": "#0"},
				"west": {"uv": [9, 0, 9.4, 1.1], "texture": "#0"},
				"up": {"uv": [9, 0, 9.2, 0.4], "texture": "#0"},
				"down": {"uv": [9, 0, 9.2, 0.4], "texture": "#0"}
			}
		},
		{
			"from": [7, 0.3, 11.45],
			"to": [7.2, 1.2, 11.85],
			"rotation": {"angle": 0, "axis": "y", "origin": [15.1, 8, 17.65]},
			"faces": {
				"north": {"uv": [9, 0, 9.2, 0.8], "texture": "#0"},
				"east": {"uv": [9, 0, 9.4, 0.8], "texture": "#0"},
				"south": {"uv": [9, 0, 9.2, 0.8], "texture": "#0"},
				"west": {"uv": [9, 0, 9.4, 0.8], "texture": "#0"},
				"up": {"uv": [9, 0, 9.2, 0.4], "texture": "#0"},
				"down": {"uv": [9, 0, 9.2, 0.4], "texture": "#0"}
			}
		},
		{
			"from": [8.8, 0.3, 11.45],
			"to": [9, 1.2, 11.85],
			"rotation": {"angle": 0, "axis": "y", "origin": [16.9, 8, 17.65]},
			"faces": {
				"north": {"uv": [9, 0, 9.2, 0.8], "texture": "#0"},
				"east": {"uv": [9, 0, 9.4, 0.8], "texture": "#0"},
				"south": {"uv": [9, 0, 9.2, 0.8], "texture": "#0"},
				"west": {"uv": [9, 0, 9.4, 0.8], "texture": "#0"},
				"up": {"uv": [9, 0, 9.2, 0.4], "texture": "#0"},
				"down": {"uv": [9, 0, 9.2, 0.4], "texture": "#0"}
			}
		},
		{
			"from": [7, 0.3, 11.85],
			"to": [7.2, 0.7, 12.25],
			"rotation": {"angle": 0, "axis": "y", "origin": [15.1, 8, 18.05]},
			"faces": {
				"north": {"uv": [9, 0, 9.2, 0.4], "texture": "#0"},
				"east": {"uv": [9, 0, 9.4, 0.4], "texture": "#0"},
				"south": {"uv": [9, 0, 9.2, 0.4], "texture": "#0"},
				"west": {"uv": [9, 0, 9.4, 0.4], "texture": "#0"},
				"up": {"uv": [9, 0, 9.2, 0.4], "texture": "#0"},
				"down": {"uv": [9, 0, 9.2, 0.4], "texture": "#0"}
			}
		},
		{
			"from": [7.2, 0.5, 12.25],
			"to": [7.7, 0.7, 12.45],
			"rotation": {"angle": 0, "axis": "y", "origin": [15.3, 8.2, 18.25]},
			"faces": {
				"north": {"uv": [9, 0, 9.5, 0.2], "texture": "#0"},
				"east": {"uv": [9, 0, 9.2, 0.2], "texture": "#0"},
				"south": {"uv": [9, 0, 9.5, 0.2], "texture": "#0"},
				"west": {"uv": [9, 0, 9.2, 0.2], "texture": "#0"},
				"up": {"uv": [9, 0, 9.5, 0.2], "texture": "#0"},
				"down": {"uv": [9, 0, 9.5, 0.2], "texture": "#0"}
			}
		},
		{
			"from": [8.3, 0.5, 12.25],
			"to": [8.8, 0.7, 12.45],
			"rotation": {"angle": 0, "axis": "y", "origin": [16.2, 8.2, 18.25]},
			"faces": {
				"north": {"uv": [9, 0, 9.5, 0.2], "texture": "#0"},
				"east": {"uv": [9, 0, 9.2, 0.2], "texture": "#0"},
				"south": {"uv": [9, 0, 9.5, 0.2], "texture": "#0"},
				"west": {"uv": [9, 0, 9.2, 0.2], "texture": "#0"},
				"up": {"uv": [9, 0, 9.5, 0.2], "texture": "#0"},
				"down": {"uv": [9, 0, 9.5, 0.2], "texture": "#0"}
			}
		},
		{
			"from": [7.7, 0.5, 12.25],
			"to": [8.3, 0.6, 12.45],
			"rotation": {"angle": 0, "axis": "y", "origin": [16, 8.2, 18.25]},
			"faces": {
				"north": {"uv": [9, 0, 9.6, 0.1], "texture": "#0"},
				"east": {"uv": [9, 0, 9.2, 0.1], "texture": "#0"},
				"south": {"uv": [9, 0, 9.6, 0.1], "texture": "#0"},
				"west": {"uv": [9, 0, 9.2, 0.1], "texture": "#0"},
				"up": {"uv": [9, 0, 9.6, 0.2], "texture": "#0"},
				"down": {"uv": [9, 0, 9.6, 0.2], "texture": "#0"}
			}
		},
		{
			"from": [8.8, 0.3, 11.85],
			"to": [9, 0.7, 12.25],
			"rotation": {"angle": 0, "axis": "y", "origin": [16.9, 8, 18.05]},
			"faces": {
				"north": {"uv": [9, 0, 9.2, 0.4], "texture": "#0"},
				"east": {"uv": [9, 0, 9.4, 0.4], "texture": "#0"},
				"south": {"uv": [9, 0, 9.2, 0.4], "texture": "#0"},
				"west": {"uv": [9, 0, 9.4, 0.4], "texture": "#0"},
				"up": {"uv": [9, 0, 9.2, 0.4], "texture": "#0"},
				"down": {"uv": [9, 0, 9.2, 0.4], "texture": "#0"}
			}
		},
		{
			"from": [7, 0.3, 8.95],
			"to": [7.2, 1.2, 9.35],
			"rotation": {"angle": 0, "axis": "y", "origin": [15.1, 8, 15.15]},
			"faces": {
				"north": {"uv": [9, 0, 9.2, 0.8], "texture": "#0"},
				"east": {"uv": [9, 0, 9.4, 0.8], "texture": "#0"},
				"south": {"uv": [9, 0, 9.2, 0.8], "texture": "#0"},
				"west": {"uv": [9, 0, 9.4, 0.8], "texture": "#0"},
				"up": {"uv": [9, 0, 9.2, 0.4], "texture": "#0"},
				"down": {"uv": [9, 0, 9.2, 0.4], "texture": "#0"}
			}
		},
		{
			"from": [8.8, 0.3, 8.95],
			"to": [9, 1.2, 9.35],
			"rotation": {"angle": 0, "axis": "y", "origin": [16.9, 8, 15.15]},
			"faces": {
				"north": {"uv": [9, 0, 9.2, 0.8], "texture": "#0"},
				"east": {"uv": [9, 0, 9.4, 0.8], "texture": "#0"},
				"south": {"uv": [9, 0, 9.2, 0.8], "texture": "#0"},
				"west": {"uv": [9, 0, 9.4, 0.8], "texture": "#0"},
				"up": {"uv": [9, 0, 9.2, 0.4], "texture": "#0"},
				"down": {"uv": [9, 0, 9.2, 0.4], "texture": "#0"}
			}
		},
		{
			"from": [8.05, 2, 6.55],
			"to": [8.25, 2.1, 7.85],
			"rotation": {"angle": 0, "axis": "y", "origin": [14.25, 9.7, 15.05]},
			"faces": {
				"north": {"uv": [9, 0, 9.2, 0.1], "texture": "#0"},
				"east": {"uv": [9, 0, 10.3, 0.1], "texture": "#0"},
				"south": {"uv": [9, 0, 9.2, 0.1], "texture": "#0"},
				"west": {"uv": [9, 0, 10.3, 0.1], "texture": "#0"},
				"up": {"uv": [9, 0, 9.2, 1.3], "texture": "#0"},
				"down": {"uv": [9, 0, 9.2, 1.3], "texture": "#0"}
			}
		},
		{
			"from": [8.05, 2, 3.85],
			"to": [9, 2.1, 6.05],
			"rotation": {"angle": 0, "axis": "y", "origin": [14.9, 9.7, 11.85]},
			"faces": {
				"north": {"uv": [9, 0, 9.95, 0.1], "texture": "#0"},
				"east": {"uv": [9, 0, 11.2, 0.1], "texture": "#0"},
				"south": {"uv": [9, 0, 9.95, 0.1], "texture": "#0"},
				"west": {"uv": [9, 0, 11.2, 0.1], "texture": "#0"},
				"up": {"uv": [9, 0, 9.95, 2.2], "texture": "#0"},
				"down": {"uv": [9, 0, 9.95, 2.2], "texture": "#0"}
			}
		},
		{
			"from": [8.25, 2, 6.05],
			"to": [9, 2.1, 7.85],
			"rotation": {"angle": 0, "axis": "y", "origin": [15.1, 9.7, 15.05]},
			"faces": {
				"north": {"uv": [9, 0, 10, 1], "texture": "#0"},
				"east": {"uv": [9, 0, 10, 1], "texture": "#0"},
				"south": {"uv": [9, 0, 10, 1], "texture": "#0"},
				"west": {"uv": [9, 0, 10, 1], "texture": "#0"},
				"up": {"uv": [9, 0, 10, 1], "texture": "#0"},
				"down": {"uv": [9, 0, 10, 1], "texture": "#0"}
			}
		},
		{
			"from": [7.75, 2, 6.55],
			"to": [7.95, 2.1, 7.85],
			"rotation": {"angle": 0, "axis": "y", "origin": [13.95, 9.7, 15.05]},
			"faces": {
				"north": {"uv": [9, 0, 9.2, 0.1], "texture": "#0"},
				"east": {"uv": [9, 0, 10.3, 0.1], "texture": "#0"},
				"south": {"uv": [9, 0, 9.2, 0.1], "texture": "#0"},
				"west": {"uv": [9, 0, 10.3, 0.1], "texture": "#0"},
				"up": {"uv": [9, 0, 9.2, 1.3], "texture": "#0"},
				"down": {"uv": [9, 0, 9.2, 1.3], "texture": "#0"}
			}
		},
		{
			"from": [7.9, 2, 6.2],
			"to": [8.1, 2.1, 6.4],
			"rotation": {"angle": 0, "axis": "y", "origin": [14.1, 9.7, 14.6]},
			"faces": {
				"north": {"uv": [1, 7, 2, 8], "texture": "#0"},
				"east": {"uv": [1, 7, 2, 8], "texture": "#0"},
				"south": {"uv": [1, 7, 2, 8], "texture": "#0"},
				"west": {"uv": [1, 7, 2, 8], "texture": "#0"},
				"up": {"uv": [1, 7, 2, 8], "texture": "#0"},
				"down": {"uv": [1, 7, 2, 8], "texture": "#0"}
			}
		},
		{
			"from": [7, 2, 6.05],
			"to": [7.75, 2.1, 7.85],
			"rotation": {"angle": 0, "axis": "y", "origin": [13.75, 9.7, 15.05]},
			"faces": {
				"north": {"uv": [9, 0, 9.75, 0.1], "texture": "#0"},
				"east": {"uv": [9, 0, 10.8, 0.1], "texture": "#0"},
				"south": {"uv": [9, 0, 9.75, 0.1], "texture": "#0"},
				"west": {"uv": [9, 0, 10.8, 0.1], "texture": "#0"},
				"up": {"uv": [9, 0, 9.75, 1.8], "texture": "#0"},
				"down": {"uv": [9, 0, 9.75, 1.8], "texture": "#0"}
			}
		},
		{
			"from": [7, 2, 3.85],
			"to": [7.95, 2.1, 6.05],
			"rotation": {"angle": 0, "axis": "y", "origin": [13.75, 9.7, 11.85]},
			"faces": {
				"north": {"uv": [9, 0, 9.95, 0.1], "texture": "#0"},
				"east": {"uv": [9, 0, 11.2, 0.1], "texture": "#0"},
				"south": {"uv": [9, 0, 9.95, 0.1], "texture": "#0"},
				"west": {"uv": [9, 0, 11.2, 0.1], "texture": "#0"},
				"up": {"uv": [9, 0, 9.95, 2.2], "texture": "#0"},
				"down": {"uv": [9, 0, 9.95, 2.2], "texture": "#0"}
			}
		},
		{
			"from": [7.8, 0.2, 4.05],
			"to": [8.2, 0.6, 4.85],
			"rotation": {"angle": 0, "axis": "y", "origin": [15.8, 8.2, 11.85]},
			"faces": {
				"north": {"uv": [9, 7, 9.4, 7.4], "texture": "#0"},
				"east": {"uv": [9, 7, 9.8, 7.4], "texture": "#0"},
				"south": {"uv": [9, 7, 9.4, 7.4], "texture": "#0"},
				"west": {"uv": [9, 7, 9.8, 7.4], "texture": "#0"},
				"up": {"uv": [9, 7, 9.4, 7.8], "texture": "#0"},
				"down": {"uv": [9, 7, 9.4, 7.8], "texture": "#0"}
			}
		},
		{
			"from": [7.8, 1.4, 4.05],
			"to": [8.2, 1.8, 4.85],
			"rotation": {"angle": 0, "axis": "y", "origin": [15.8, 9.4, 11.85]},
			"faces": {
				"north": {"uv": [9, 7, 9.4, 7.4], "texture": "#0"},
				"east": {"uv": [9, 7, 9.8, 7.4], "texture": "#0"},
				"south": {"uv": [9, 7, 9.4, 7.4], "texture": "#0"},
				"west": {"uv": [9, 7, 9.8, 7.4], "texture": "#0"},
				"up": {"uv": [9, 7, 9.4, 7.8], "texture": "#0"},
				"down": {"uv": [9, 7, 9.4, 7.8], "texture": "#0"}
			}
		},
		{
			"from": [7.75, 0.6, 3.975],
			"to": [8.25, 1.4, 4.475],
			"rotation": {"angle": 0, "axis": "y", "origin": [15.85, 8.6, 11.875]},
			"faces": {
				"north": {"uv": [9, 7, 9.5, 7.8], "texture": "#0"},
				"east": {"uv": [9, 7, 9.5, 7.8], "texture": "#0"},
				"south": {"uv": [9, 7, 9.5, 7.8], "texture": "#0"},
				"west": {"uv": [9, 7, 9.5, 7.8], "texture": "#0"},
				"up": {"uv": [9, 7, 9.5, 7.5], "texture": "#0"},
				"down": {"uv": [9, 7, 9.5, 7.5], "texture": "#0"}
			}
		},
		{
			"from": [7.2, 0.5, 7.45],
			"to": [8.8, 0.7, 9.55],
			"rotation": {"angle": 0, "axis": "y", "origin": [15.8, 8.5, 15.45]},
			"faces": {
				"north": {"uv": [9, 7, 10.6, 7.2], "texture": "#0"},
				"east": {"uv": [9, 7, 11.1, 7.2], "texture": "#0"},
				"south": {"uv": [9, 7, 10.6, 7.2], "texture": "#0"},
				"west": {"uv": [9, 7, 11.1, 7.2], "texture": "#0"},
				"up": {"uv": [9, 7, 10.6, 9.1], "texture": "#0"},
				"down": {"uv": [9, 7, 10.6, 9.1], "texture": "#0"}
			}
		},
		{
			"from": [7.4, 0.7, 9.65],
			"to": [8.6, 1.9, 9.85],
			"rotation": {"angle": 0, "axis": "y", "origin": [15.8, 8.5, 17.65]},
			"faces": {
				"north": {"uv": [9, 7, 10.2, 8.2], "texture": "#0"},
				"east": {"uv": [9, 7, 9.2, 8.2], "texture": "#0"},
				"south": {"uv": [9, 7, 10.2, 8.2], "texture": "#0"},
				"west": {"uv": [9, 7, 9.2, 8.2], "texture": "#0"},
				"up": {"uv": [9, 7, 10.2, 7.2], "texture": "#0"},
				"down": {"uv": [9, 7, 10.2, 7.2], "texture": "#0"}
			}
		},
		{
			"from": [7.2, 0.5, 9.85],
			"to": [8.8, 2.1, 10.45],
			"rotation": {"angle": 0, "axis": "y", "origin": [15.8, 8.5, 17.85]},
			"faces": {
				"north": {"uv": [9, 7, 10.6, 8.6], "texture": "#0"},
				"east": {"uv": [9, 7, 9.6, 8.6], "texture": "#0"},
				"south": {"uv": [9, 7, 10.6, 8.6], "texture": "#0"},
				"west": {"uv": [9, 7, 9.6, 8.6], "texture": "#0"},
				"up": {"uv": [9, 7, 10.6, 7.6], "texture": "#0"},
				"down": {"uv": [9, 7, 10.6, 7.6], "texture": "#0"}
			}
		},
		{
			"from": [7.3, 0.6, 10.45],
			"to": [8.7, 2, 11.05],
			"rotation": {"angle": 0, "axis": "y", "origin": [15.8, 8.5, 18.45]},
			"faces": {
				"north": {"uv": [9, 7, 10.4, 8.4], "texture": "#0"},
				"east": {"uv": [9, 7, 9.6, 8.4], "texture": "#0"},
				"south": {"uv": [9, 7, 10.4, 8.4], "texture": "#0"},
				"west": {"uv": [9, 7, 9.6, 8.4], "texture": "#0"},
				"up": {"uv": [9, 7, 10.4, 7.6], "texture": "#0"},
				"down": {"uv": [9, 7, 10.4, 7.6], "texture": "#0"}
			}
		},
		{
			"from": [7.5, 0.8, 11.05],
			"to": [8.5, 1.8, 11.25],
			"rotation": {"angle": 0, "axis": "y", "origin": [15.8, 8.5, 18.65]},
			"faces": {
				"north": {"uv": [9, 7, 10, 8], "texture": "#0"},
				"east": {"uv": [9, 7, 9.2, 8], "texture": "#0"},
				"south": {"uv": [9, 7, 10, 8], "texture": "#0"},
				"west": {"uv": [9, 7, 9.2, 8], "texture": "#0"},
				"up": {"uv": [9, 7, 10, 7.2], "texture": "#0"},
				"down": {"uv": [9, 7, 10, 7.2], "texture": "#0"}
			}
		},
		{
			"from": [7.5, 0.8, 11.85],
			"to": [8.5, 1.8, 12.05],
			"rotation": {"angle": 0, "axis": "y", "origin": [15.8, 8.5, 19.45]},
			"faces": {
				"north": {"uv": [9, 7, 10, 8], "texture": "#0"},
				"east": {"uv": [9, 7, 10, 8], "texture": "#0"},
				"south": {"uv": [0, 0, 5, 5], "texture": "#0"},
				"west": {"uv": [9, 7, 10, 8], "texture": "#0"},
				"up": {"uv": [9, 7, 10, 8], "texture": "#0"},
				"down": {"uv": [9, 7, 10, 8], "texture": "#0"}
			}
		},
		{
			"from": [7.4, 0.7, 11.25],
			"to": [8.6, 1.9, 11.85],
			"rotation": {"angle": 0, "axis": "y", "origin": [15.8, 8.5, 19.25]},
			"faces": {
				"north": {"uv": [9, 7, 10.2, 8.2], "texture": "#0"},
				"east": {"uv": [9, 7, 9.6, 8.2], "texture": "#0"},
				"south": {"uv": [9, 7, 10.2, 8.2], "texture": "#0"},
				"west": {"uv": [9, 7, 9.6, 8.2], "texture": "#0"},
				"up": {"uv": [9, 7, 10.2, 7.6], "texture": "#0"},
				"down": {"uv": [9, 7, 10.2, 7.6], "texture": "#0"}
			}
		},
		{
			"from": [7.4, 0.7, 12.05],
			"to": [7.5, 1.9, 12.25],
			"rotation": {"angle": 0, "axis": "y", "origin": [15.8, 8.5, 20.05]},
			"faces": {
				"north": {"uv": [9, 7, 9.1, 8.2], "texture": "#0"},
				"east": {"uv": [9, 7, 9.2, 8.2], "texture": "#0"},
				"south": {"uv": [9, 7, 9.1, 8.2], "texture": "#0"},
				"west": {"uv": [9, 7, 9.2, 8.2], "texture": "#0"},
				"up": {"uv": [9, 7, 9.1, 7.2], "texture": "#0"},
				"down": {"uv": [9, 7, 9.1, 7.2], "texture": "#0"}
			}
		},
		{
			"from": [8.5, 0.7, 12.05],
			"to": [8.6, 1.9, 12.25],
			"rotation": {"angle": 0, "axis": "y", "origin": [16.9, 8.5, 20.05]},
			"faces": {
				"north": {"uv": [9, 7, 9.1, 8.2], "texture": "#0"},
				"east": {"uv": [9, 7, 9.2, 8.2], "texture": "#0"},
				"south": {"uv": [9, 7, 9.1, 8.2], "texture": "#0"},
				"west": {"uv": [9, 7, 9.2, 8.2], "texture": "#0"},
				"up": {"uv": [9, 7, 9.1, 7.2], "texture": "#0"},
				"down": {"uv": [9, 7, 9.1, 7.2], "texture": "#0"}
			}
		},
		{
			"from": [7.5, 0.7, 12.05],
			"to": [8.5, 0.8, 12.25],
			"rotation": {"angle": 0, "axis": "y", "origin": [15.9, 8.5, 20.05]},
			"faces": {
				"north": {"uv": [9, 7, 10, 7.1], "texture": "#0"},
				"east": {"uv": [9, 7, 9.2, 7.1], "texture": "#0"},
				"south": {"uv": [9, 7, 10, 7.1], "texture": "#0"},
				"west": {"uv": [9, 7, 9.2, 7.1], "texture": "#0"},
				"up": {"uv": [9, 7, 10, 7.2], "texture": "#0"},
				"down": {"uv": [9, 7, 10, 7.2], "texture": "#0"}
			}
		},
		{
			"from": [7.5, 1.8, 12.05],
			"to": [8.5, 1.9, 12.25],
			"rotation": {"angle": 0, "axis": "y", "origin": [15.9, 9.6, 20.05]},
			"faces": {
				"north": {"uv": [9, 7, 10, 7.1], "texture": "#0"},
				"east": {"uv": [9, 7, 9.2, 7.1], "texture": "#0"},
				"south": {"uv": [9, 7, 10, 7.1], "texture": "#0"},
				"west": {"uv": [9, 7, 9.2, 7.1], "texture": "#0"},
				"up": {"uv": [9, 7, 10, 7.2], "texture": "#0"},
				"down": {"uv": [9, 7, 10, 7.2], "texture": "#0"}
			}
		},
		{
			"from": [7.2, 0.7, 7.45],
			"to": [7.4, 1.3, 9.65],
			"rotation": {"angle": 0, "axis": "y", "origin": [15.8, 8.7, 15.45]},
			"faces": {
				"north": {"uv": [9, 7, 9.2, 7.6], "texture": "#0"},
				"east": {"uv": [9, 7, 11.2, 7.6], "texture": "#0"},
				"south": {"uv": [9, 7, 9.2, 7.6], "texture": "#0"},
				"west": {"uv": [9, 7, 11.2, 7.6], "texture": "#0"},
				"up": {"uv": [9, 7, 9.2, 9.2], "texture": "#0"},
				"down": {"uv": [9, 7, 9.2, 9.2], "texture": "#0"}
			}
		},
		{
			"from": [8.6, 0.7, 7.45],
			"to": [8.8, 1.3, 9.65],
			"rotation": {"angle": 0, "axis": "y", "origin": [17.2, 8.7, 15.45]},
			"faces": {
				"north": {"uv": [9, 7, 9.2, 7.6], "texture": "#0"},
				"east": {"uv": [9, 7, 11.2, 7.6], "texture": "#0"},
				"south": {"uv": [9, 7, 9.2, 7.6], "texture": "#0"},
				"west": {"uv": [9, 7, 11.2, 7.6], "texture": "#0"},
				"up": {"uv": [9, 7, 9.2, 9.2], "texture": "#0"},
				"down": {"uv": [9, 7, 9.2, 9.2], "texture": "#0"}
			}
		},
		{
			"from": [0, 4, 7.85],
			"to": [0.8, 4.8, 9.65],
			"rotation": {"angle": 45, "axis": "z", "origin": [8, 12, 16.45]},
			"faces": {
				"north": {"uv": [0, 0, 0.8, 0.8], "texture": "#missing"},
				"east": {"uv": [2, 7, 6, 16], "rotation": 90, "texture": "#0"},
				"south": {"uv": [0, 0, 0.8, 0.8], "texture": "#missing"},
				"west": {"uv": [2, 7, 6, 16], "rotation": 90, "texture": "#0"},
				"up": {"uv": [2, 7, 6, 16], "texture": "#0"},
				"down": {"uv": [2, 7, 6, 16], "texture": "#0"}
			}
		},
		{
			"from": [0.2, 4.2, 7.85],
			"to": [0.6, 4.6, 9.65],
			"rotation": {"angle": 45, "axis": "z", "origin": [8, 12, 16.45]},
			"faces": {
				"north": {"uv": [0, 0, 0.4, 0.4], "texture": "#missing"},
				"east": {"uv": [0, 7, 2, 16], "rotation": 90, "texture": "#0"},
				"south": {"uv": [0, 0, 0.4, 0.4], "texture": "#missing"},
				"west": {"uv": [0, 7, 2, 16], "rotation": 90, "texture": "#0"},
				"up": {"uv": [0, 7, 2, 16], "texture": "#0"},
				"down": {"uv": [0, 7, 2, 16], "texture": "#0"}
			}
		},
		{
			"from": [7.95, 5.3, 2.05],
			"to": [8.1, 5.45, 3.35],
			"rotation": {"angle": -45, "axis": "x", "origin": [15.95, 13.3, 10.05]},
			"faces": {
				"north": {"uv": [9, 7, 9.15, 7.15], "texture": "#0"},
				"east": {"uv": [9, 7, 10.3, 7.15], "texture": "#0"},
				"south": {"uv": [9, 7, 9.15, 7.15], "texture": "#0"},
				"west": {"uv": [9, 7, 10.3, 7.15], "texture": "#0"},
				"up": {"uv": [9, 7, 9.15, 8.3], "texture": "#0"},
				"down": {"uv": [9, 7, 9.15, 8.3], "texture": "#0"}
			}
		},
		{
			"from": [12.225, 0.6, 2.05],
			"to": [12.375, 0.75, 3.35],
			"rotation": {"angle": 45, "axis": "y", "origin": [20.225, 8.6, 10.05]},
			"faces": {
				"north": {"uv": [9, 7, 9.15, 7.15], "texture": "#0"},
				"east": {"uv": [9, 7, 10.3, 7.15], "texture": "#0"},
				"south": {"uv": [9, 7, 9.15, 7.15], "texture": "#0"},
				"west": {"uv": [9, 7, 10.3, 7.15], "texture": "#0"},
				"up": {"uv": [9, 7, 9.15, 8.3], "texture": "#0"},
				"down": {"uv": [9, 7, 9.15, 8.3], "texture": "#0"}
			}
		},
		{
			"from": [-1, 0.6, 13.35],
			"to": [-0.85, 0.75, 14.65],
			"rotation": {"angle": -45, "axis": "y", "origin": [7, 8.6, 21.35]},
			"faces": {
				"north": {"uv": [9, 7, 9.15, 7.15], "texture": "#0"},
				"east": {"uv": [9, 7, 10.3, 7.15], "texture": "#0"},
				"south": {"uv": [9, 7, 9.15, 7.15], "texture": "#0"},
				"west": {"uv": [9, 7, 10.3, 7.15], "texture": "#0"},
				"up": {"uv": [9, 7, 9.15, 8.3], "texture": "#0"},
				"down": {"uv": [9, 7, 9.15, 8.3], "texture": "#0"}
			}
		},
		{
			"from": [2.414, 0.6, 13.404],
			"to": [2.564, 0.75, 14.704],
			"rotation": {"angle": -22.5, "axis": "y", "origin": [10.4, 8.6, 21.4]},
			"faces": {
				"north": {"uv": [9, 7, 9.15, 7.15], "texture": "#0"},
				"east": {"uv": [9, 7, 10.3, 7.15], "texture": "#0"},
				"south": {"uv": [9, 7, 9.15, 7.15], "texture": "#0"},
				"west": {"uv": [9, 7, 10.3, 7.15], "texture": "#0"},
				"up": {"uv": [9, 7, 9.15, 8.3], "texture": "#0"},
				"down": {"uv": [9, 7, 9.15, 8.3], "texture": "#0"}
			}
		},
		{
			"from": [8.904, 0.6, 4.179],
			"to": [9.054, 0.75, 4.979],
			"rotation": {"angle": 45, "axis": "y", "origin": [16.875, 8.6, 12.175]},
			"faces": {
				"north": {"uv": [9, 7, 9.15, 7.15], "texture": "#0"},
				"east": {"uv": [9, 7, 9.8, 7.15], "texture": "#0"},
				"south": {"uv": [9, 7, 9.15, 7.15], "texture": "#0"},
				"west": {"uv": [9, 7, 9.8, 7.15], "texture": "#0"},
				"up": {"uv": [9, 7, 9.15, 7.8], "texture": "#0"},
				"down": {"uv": [9, 7, 9.15, 7.8], "texture": "#0"}
			}
		},
		{
			"from": [12.25, 0.6, 7.247],
			"to": [12.4, 0.75, 8.547],
			"rotation": {"angle": 22.5, "axis": "y", "origin": [20.25, 8.6, 15.25]},
			"faces": {
				"north": {"uv": [9, 7, 9.15, 7.15], "texture": "#0"},
				"east": {"uv": [9, 7, 10.3, 7.15], "texture": "#0"},
				"south": {"uv": [9, 7, 9.15, 7.15], "texture": "#0"},
				"west": {"uv": [9, 7, 10.3, 7.15], "texture": "#0"},
				"up": {"uv": [9, 7, 9.15, 8.3], "texture": "#0"},
				"down": {"uv": [9, 7, 9.15, 8.3], "texture": "#0"}
			}
		},
		{
			"from": [2.332, 0.6, 15.245],
			"to": [2.482, 0.75, 16.045],
			"rotation": {"angle": -45, "axis": "y", "origin": [10.3, 8.6, 23.25]},
			"faces": {
				"north": {"uv": [9, 7, 9.15, 7.15], "texture": "#0"},
				"east": {"uv": [9, 7, 9.8, 7.15], "texture": "#0"},
				"south": {"uv": [9, 7, 9.15, 7.15], "texture": "#0"},
				"west": {"uv": [9, 7, 9.8, 7.15], "texture": "#0"},
				"up": {"uv": [9, 7, 9.15, 7.8], "texture": "#0"},
				"down": {"uv": [9, 7, 9.15, 7.8], "texture": "#0"}
			}
		},
		{
			"from": [7.95, 5.337, 7.243],
			"to": [8.1, 5.487, 8.543],
			"rotation": {"angle": -22.5, "axis": "x", "origin": [15.95, 13.35, 15.275]},
			"faces": {
				"north": {"uv": [9, 7, 9.15, 7.15], "texture": "#0"},
				"east": {"uv": [9, 7, 10.3, 7.15], "texture": "#0"},
				"south": {"uv": [9, 7, 9.15, 7.15], "texture": "#0"},
				"west": {"uv": [9, 7, 10.3, 7.15], "texture": "#0"},
				"up": {"uv": [9, 7, 9.15, 8.3], "texture": "#0"},
				"down": {"uv": [9, 7, 9.15, 8.3], "texture": "#0"}
			}
		},
		{
			"from": [7.95, -4.618, 15.279],
			"to": [8.1, -4.468, 16.079],
			"rotation": {"angle": 45, "axis": "x", "origin": [15.95, 3.4, 23.3]},
			"faces": {
				"north": {"uv": [9, 7, 9.15, 7.15], "texture": "#0"},
				"east": {"uv": [9, 7, 9.8, 7.15], "texture": "#0"},
				"south": {"uv": [9, 7, 9.15, 7.15], "texture": "#0"},
				"west": {"uv": [9, 7, 9.8, 7.15], "texture": "#0"},
				"up": {"uv": [9, 7, 9.15, 7.8], "texture": "#0"},
				"down": {"uv": [9, 7, 9.15, 7.8], "texture": "#0"}
			}
		}
	],
	"display": {
		"thirdperson_righthand": {
			"rotation": [0, -180, 0],
			"translation": [0, 11.55, -1.5],
			"scale": [1.5, 1.5, 1.5]
		},
		"thirdperson_lefthand": {
			"rotation": [0, -180, 0],
			"translation": [0, 11.5, -2.25],
			"scale": [1.5, 1.5, 1.5]
		},
		"firstperson_righthand": {
			"rotation": [4, -180, 0],
			"translation": [0.25, 12.75, 2.25],
			"scale": [1.5, 1.5, 1.5]
		},
		"firstperson_lefthand": {
			"rotation": [4, -180, 0],
			"translation": [0.25, 12.75, 2.25],
			"scale": [1.5, 1.5, 1.5]
		},
		"ground": {
			"translation": [0, 5.25, 0]
		},
		"gui": {
			"rotation": [84, 125, -34],
			"translation": [-3.5, 5.25, 0],
			"scale": [1.5, 1.5, 1.5]
		},
		"head": {
			"translation": [0, -20, 0],
			"scale": [2, 2, 2]
		},
		"fixed": {
			"rotation": [0, -90, 0],
			"translation": [0, 9.5, -1],
			"scale": [1.5, 1.5, 1.5]
		}
	}
}