{"model":{"type":"minecraft:select","cases":[{"model":{"type":"minecraft:model","model":"trimmable_tools:item/iron_hoe_quartz_flow"},"when":"minecraft:quartz"},{"model":{"type":"minecraft:model","model":"trimmable_tools:item/iron_hoe_iron_flow"},"when":"minecraft:iron"},{"model":{"type":"minecraft:model","model":"trimmable_tools:item/iron_hoe_netherite_flow"},"when":"minecraft:netherite"},{"model":{"type":"minecraft:model","model":"trimmable_tools:item/iron_hoe_redstone_flow"},"when":"minecraft:redstone"},{"model":{"type":"minecraft:model","model":"trimmable_tools:item/iron_hoe_copper_flow"},"when":"minecraft:copper"},{"model":{"type":"minecraft:model","model":"trimmable_tools:item/iron_hoe_gold_flow"},"when":"minecraft:gold"},{"model":{"type":"minecraft:model","model":"trimmable_tools:item/iron_hoe_emerald_flow"},"when":"minecraft:emerald"},{"model":{"type":"minecraft:model","model":"trimmable_tools:item/iron_hoe_diamond_flow"},"when":"minecraft:diamond"},{"model":{"type":"minecraft:model","model":"trimmable_tools:item/iron_hoe_lapis_flow"},"when":"minecraft:lapis"},{"model":{"type":"minecraft:model","model":"trimmable_tools:item/iron_hoe_amethyst_flow"},"when":"minecraft:amethyst"},{"model":{"type":"minecraft:model","model":"trimmable_tools:item/iron_hoe_resin_flow"},"when":"minecraft:resin"}],"fallback":{"type":"minecraft:model","model":"minecraft:item/iron_hoe"},"property":"minecraft:trim_material"}}