{"model":{"type":"minecraft:select","cases":[{"model":{"type":"minecraft:model","model":"trimmable_tools:item/netherite_sword_quartz_host"},"when":"minecraft:quartz"},{"model":{"type":"minecraft:model","model":"trimmable_tools:item/netherite_sword_iron_host"},"when":"minecraft:iron"},{"model":{"type":"minecraft:model","model":"trimmable_tools:item/netherite_sword_netherite_host"},"when":"minecraft:netherite"},{"model":{"type":"minecraft:model","model":"trimmable_tools:item/netherite_sword_redstone_host"},"when":"minecraft:redstone"},{"model":{"type":"minecraft:model","model":"trimmable_tools:item/netherite_sword_copper_host"},"when":"minecraft:copper"},{"model":{"type":"minecraft:model","model":"trimmable_tools:item/netherite_sword_gold_host"},"when":"minecraft:gold"},{"model":{"type":"minecraft:model","model":"trimmable_tools:item/netherite_sword_emerald_host"},"when":"minecraft:emerald"},{"model":{"type":"minecraft:model","model":"trimmable_tools:item/netherite_sword_diamond_host"},"when":"minecraft:diamond"},{"model":{"type":"minecraft:model","model":"trimmable_tools:item/netherite_sword_lapis_host"},"when":"minecraft:lapis"},{"model":{"type":"minecraft:model","model":"trimmable_tools:item/netherite_sword_amethyst_host"},"when":"minecraft:amethyst"},{"model":{"type":"minecraft:model","model":"trimmable_tools:item/netherite_sword_resin_host"},"when":"minecraft:resin"}],"fallback":{"type":"minecraft:model","model":"minecraft:item/netherite_sword"},"property":"minecraft:trim_material"}}