{"model":{"type":"minecraft:select","cases":[{"model":{"type":"minecraft:model","model":"trimmable_tools:item/netherite_sword_quartz_shaper"},"when":"minecraft:quartz"},{"model":{"type":"minecraft:model","model":"trimmable_tools:item/netherite_sword_iron_shaper"},"when":"minecraft:iron"},{"model":{"type":"minecraft:model","model":"trimmable_tools:item/netherite_sword_netherite_shaper"},"when":"minecraft:netherite"},{"model":{"type":"minecraft:model","model":"trimmable_tools:item/netherite_sword_redstone_shaper"},"when":"minecraft:redstone"},{"model":{"type":"minecraft:model","model":"trimmable_tools:item/netherite_sword_copper_shaper"},"when":"minecraft:copper"},{"model":{"type":"minecraft:model","model":"trimmable_tools:item/netherite_sword_gold_shaper"},"when":"minecraft:gold"},{"model":{"type":"minecraft:model","model":"trimmable_tools:item/netherite_sword_emerald_shaper"},"when":"minecraft:emerald"},{"model":{"type":"minecraft:model","model":"trimmable_tools:item/netherite_sword_diamond_shaper"},"when":"minecraft:diamond"},{"model":{"type":"minecraft:model","model":"trimmable_tools:item/netherite_sword_lapis_shaper"},"when":"minecraft:lapis"},{"model":{"type":"minecraft:model","model":"trimmable_tools:item/netherite_sword_amethyst_shaper"},"when":"minecraft:amethyst"},{"model":{"type":"minecraft:model","model":"trimmable_tools:item/netherite_sword_resin_shaper"},"when":"minecraft:resin"}],"fallback":{"type":"minecraft:model","model":"minecraft:item/netherite_sword"},"property":"minecraft:trim_material"}}