{"model":{"type":"minecraft:select","cases":[{"model":{"type":"minecraft:model","model":"trimmable_tools:item/wooden_sword_quartz_vex"},"when":"minecraft:quartz"},{"model":{"type":"minecraft:model","model":"trimmable_tools:item/wooden_sword_iron_vex"},"when":"minecraft:iron"},{"model":{"type":"minecraft:model","model":"trimmable_tools:item/wooden_sword_netherite_vex"},"when":"minecraft:netherite"},{"model":{"type":"minecraft:model","model":"trimmable_tools:item/wooden_sword_redstone_vex"},"when":"minecraft:redstone"},{"model":{"type":"minecraft:model","model":"trimmable_tools:item/wooden_sword_copper_vex"},"when":"minecraft:copper"},{"model":{"type":"minecraft:model","model":"trimmable_tools:item/wooden_sword_gold_vex"},"when":"minecraft:gold"},{"model":{"type":"minecraft:model","model":"trimmable_tools:item/wooden_sword_emerald_vex"},"when":"minecraft:emerald"},{"model":{"type":"minecraft:model","model":"trimmable_tools:item/wooden_sword_diamond_vex"},"when":"minecraft:diamond"},{"model":{"type":"minecraft:model","model":"trimmable_tools:item/wooden_sword_lapis_vex"},"when":"minecraft:lapis"},{"model":{"type":"minecraft:model","model":"trimmable_tools:item/wooden_sword_amethyst_vex"},"when":"minecraft:amethyst"},{"model":{"type":"minecraft:model","model":"trimmable_tools:item/wooden_sword_resin_vex"},"when":"minecraft:resin"}],"fallback":{"type":"minecraft:model","model":"minecraft:item/wooden_sword"},"property":"minecraft:trim_material"}}