{"model":{"type":"minecraft:select","cases":[{"model":{"type":"minecraft:model","model":"trimmable_tools:item/wooden_shovel_quartz_host"},"when":"minecraft:quartz"},{"model":{"type":"minecraft:model","model":"trimmable_tools:item/wooden_shovel_iron_host"},"when":"minecraft:iron"},{"model":{"type":"minecraft:model","model":"trimmable_tools:item/wooden_shovel_netherite_host"},"when":"minecraft:netherite"},{"model":{"type":"minecraft:model","model":"trimmable_tools:item/wooden_shovel_redstone_host"},"when":"minecraft:redstone"},{"model":{"type":"minecraft:model","model":"trimmable_tools:item/wooden_shovel_copper_host"},"when":"minecraft:copper"},{"model":{"type":"minecraft:model","model":"trimmable_tools:item/wooden_shovel_gold_host"},"when":"minecraft:gold"},{"model":{"type":"minecraft:model","model":"trimmable_tools:item/wooden_shovel_emerald_host"},"when":"minecraft:emerald"},{"model":{"type":"minecraft:model","model":"trimmable_tools:item/wooden_shovel_diamond_host"},"when":"minecraft:diamond"},{"model":{"type":"minecraft:model","model":"trimmable_tools:item/wooden_shovel_lapis_host"},"when":"minecraft:lapis"},{"model":{"type":"minecraft:model","model":"trimmable_tools:item/wooden_shovel_amethyst_host"},"when":"minecraft:amethyst"},{"model":{"type":"minecraft:model","model":"trimmable_tools:item/wooden_shovel_resin_host"},"when":"minecraft:resin"}],"fallback":{"type":"minecraft:model","model":"minecraft:item/wooden_shovel"},"property":"minecraft:trim_material"}}