{"model":{"type":"minecraft:select","cases":[{"model":{"type":"minecraft:model","model":"trimmable_tools:item/wooden_sword_quartz_spire"},"when":"minecraft:quartz"},{"model":{"type":"minecraft:model","model":"trimmable_tools:item/wooden_sword_iron_spire"},"when":"minecraft:iron"},{"model":{"type":"minecraft:model","model":"trimmable_tools:item/wooden_sword_netherite_spire"},"when":"minecraft:netherite"},{"model":{"type":"minecraft:model","model":"trimmable_tools:item/wooden_sword_redstone_spire"},"when":"minecraft:redstone"},{"model":{"type":"minecraft:model","model":"trimmable_tools:item/wooden_sword_copper_spire"},"when":"minecraft:copper"},{"model":{"type":"minecraft:model","model":"trimmable_tools:item/wooden_sword_gold_spire"},"when":"minecraft:gold"},{"model":{"type":"minecraft:model","model":"trimmable_tools:item/wooden_sword_emerald_spire"},"when":"minecraft:emerald"},{"model":{"type":"minecraft:model","model":"trimmable_tools:item/wooden_sword_diamond_spire"},"when":"minecraft:diamond"},{"model":{"type":"minecraft:model","model":"trimmable_tools:item/wooden_sword_lapis_spire"},"when":"minecraft:lapis"},{"model":{"type":"minecraft:model","model":"trimmable_tools:item/wooden_sword_amethyst_spire"},"when":"minecraft:amethyst"},{"model":{"type":"minecraft:model","model":"trimmable_tools:item/wooden_sword_resin_spire"},"when":"minecraft:resin"}],"fallback":{"type":"minecraft:model","model":"minecraft:item/wooden_sword"},"property":"minecraft:trim_material"}}