{
	"credit": "Made with Blockbench",
	"textures": {
		"0": "entity/chest/normal",
		"particle": "entity/chest/normal"
	},
	"elements": [
		{
			"from": [1, 0, 1],
			"to": [15, 9, 15],
			"faces": {
				"north": {"uv": [10.5, 10.5, 14, 8.25], "texture": "#0"},
				"east": {"uv": [7, 8.5, 10.5, 10.75], "texture": "#0"},
				"south": {"uv": [7, 8.5, 10.5, 10.75], "texture": "#0"},
				"west": {"uv": [3.5, 8.5, 7, 10.75], "texture": "#0"},
				"up": {"uv": [0, 0, 14, 14], "texture": "#missing"},
				"down": {"uv": [3.5, 4.75, 7, 8.25], "texture": "#0"}
			}
		},
		{
			"from": [1, 9, 1],
			"to": [15, 14, 15],
			"faces": {
				"north": {"uv": [10.5, 4.75, 14, 3.5], "texture": "#0"},
				"east": {"uv": [0, 3.5, 3.5, 4.75], "texture": "#0"},
				"south": {"uv": [0, 3.5, 3.5, 4.75], "texture": "#0"},
				"west": {"uv": [0, 3.5, 3.5, 4.75], "texture": "#0"},
				"up": {"uv": [7, 0, 10.5, 3.5], "texture": "#0"},
				"down": {"uv": [3.5, 4.75, 7, 8.25], "texture": "#0"}
			}
		},
		{
			"from": [7, 7, 0],
			"to": [9, 11, 1],
			"faces": {
				"north": {"uv": [0.5, 1.25, 1, 0.25], "texture": "#0"},
				"east": {"uv": [0.5, 1.25, 0.75, 0.25], "texture": "#0"},
				"south": {"uv": [0, 0, 2, 4], "texture": "#missing"},
				"west": {"uv": [0.75, 1.25, 1, 0.25], "texture": "#0"},
				"up": {"uv": [0.5, 0.25, 1, 0], "texture": "#0"},
				"down": {"uv": [0.5, 0.25, 1, 0], "texture": "#0"}
			}
		}
	],
	"display": {
		"head": {
			"translation": [0, -30.75, 0],
			"scale": [1.6, 1.6, 1.6]
		}
	}
}