{
	"credit": "Made with Blockbench",
	"textures": {
		"0": "gravity_guns/gravity_gun",
		"particle": "gravity_guns/gravity_gun"
	},
	"elements": [
		{
			"from": [7.275, 4.8, 4.5],
			"to": [8.775, 5.3, 9],
			"rotation": {"angle": 0, "axis": "y", "origin": [16.775, 1.8, 17.5]},
			"faces": {
				"north": {"uv": [2.5, 0.5, 3, 0], "texture": "#0"},
				"east": {"uv": [1.5, 4.5, 2, 0], "rotation": 270, "texture": "#0"},
				"south": {"uv": [0, 0.5, 0.5, 0], "texture": "#missing"},
				"west": {"uv": [2.5, 4.5, 3, 0], "rotation": 90, "texture": "#0"},
				"up": {"uv": [3, 0, 1.5, 4.5], "texture": "#0"},
				"down": {"uv": [2, 0, 1.5, 4.5], "texture": "#0"}
			}
		},
		{
			"from": [7.275, 1.8, 4.5],
			"to": [8.775, 2.3, 9],
			"rotation": {"angle": 0, "axis": "y", "origin": [16.775, 1.8, 17.5]},
			"faces": {
				"north": {"uv": [2.5, 0.5, 3, 0], "texture": "#0"},
				"east": {"uv": [2, 4.5, 2.5, 0], "rotation": 270, "texture": "#0"},
				"south": {"uv": [1.5, 0.5, 3, 0], "texture": "#0"},
				"west": {"uv": [2, 4.5, 2.5, 0], "rotation": 90, "texture": "#0"},
				"up": {"uv": [3, 0, 1.5, 4.5], "texture": "#0"},
				"down": {"uv": [2, 4.5, 1.5, 0], "texture": "#0"}
			}
		},
		{
			"from": [6.275, 3.3, 4.5],
			"to": [6.775, 4.3, 9],
			"rotation": {"angle": 0, "axis": "y", "origin": [16.775, 1.8, 17.5]},
			"faces": {
				"north": {"uv": [2.5, 0.5, 3, 0], "texture": "#0"},
				"east": {"uv": [2, 4.5, 3, 0], "rotation": 90, "texture": "#0"},
				"south": {"uv": [1.5, 0.5, 2, 0], "texture": "#0"},
				"west": {"uv": [1.5, 4.5, 2.5, 0], "rotation": 90, "texture": "#0"},
				"up": {"uv": [2, 0, 1.5, 4.5], "texture": "#0"},
				"down": {"uv": [2, 0, 1.5, 4.5], "texture": "#0"}
			}
		},
		{
			"from": [7.275, 4.8, 9],
			"to": [8.775, 5.3, 10],
			"rotation": {"angle": 0, "axis": "z", "origin": [8.025, 5.05, 8.75]},
			"faces": {
				"north": {"uv": [2.5, 0, 3, 0.5], "rotation": 90, "texture": "#0"},
				"east": {"uv": [5, 0.5, 6, 1], "texture": "#0"},
				"south": {"uv": [4.5, 0, 6, 0.5], "texture": "#0"},
				"west": {"uv": [4.5, 0.5, 5.5, 1], "texture": "#0"},
				"up": {"uv": [4.5, 1, 6, 0], "texture": "#0"},
				"down": {"uv": [2, 1.5, 1.5, 0], "rotation": 90, "texture": "#0"}
			}
		},
		{
			"from": [6.775, 3.8, 9],
			"to": [7.275, 4.8, 10],
			"rotation": {"angle": 0, "axis": "z", "origin": [8.025, 5.05, 8.75]},
			"faces": {
				"north": {"uv": [2.5, 0, 3, 0.5], "rotation": 90, "texture": "#0"},
				"east": {"uv": [5, 0.5, 6, 1], "texture": "#0"},
				"south": {"uv": [5, 1.5, 5.5, 2.5], "texture": "#0"},
				"west": {"uv": [4, 2.5, 5, 3.5], "texture": "#0"},
				"up": {"uv": [5.5, 2.5, 5, 1.5], "texture": "#0"},
				"down": {"uv": [3.5, 0.5, 3, 0], "rotation": 90, "texture": "#0"}
			}
		},
		{
			"from": [6.275, 2.8, 9],
			"to": [6.775, 3.8, 9.5],
			"rotation": {"angle": 0, "axis": "z", "origin": [8.025, 5.05, 8.75]},
			"faces": {
				"north": {"uv": [2.5, 0, 3, 0.5], "rotation": 90, "texture": "#0"},
				"east": {"uv": [4.5, 2.5, 5, 3.5], "texture": "#0"},
				"south": {"uv": [5, 1.5, 5.5, 2.5], "texture": "#0"},
				"west": {"uv": [4.5, 2.5, 5, 3.5], "texture": "#0"},
				"up": {"uv": [4.5, 3, 4, 2.5], "texture": "#0"},
				"down": {"uv": [3.5, 0.5, 3, 0], "rotation": 90, "texture": "#0"}
			}
		},
		{
			"from": [5.775, 2.3, 9.5],
			"to": [6.775, 3.8, 12],
			"rotation": {"angle": 0, "axis": "z", "origin": [8.025, 5.05, 8.75]},
			"faces": {
				"north": {"uv": [4, 5, 4.5, 6.5], "texture": "#0"},
				"east": {"uv": [4, 5, 4.5, 6.5], "texture": "#0"},
				"south": {"uv": [4, 5, 4.5, 6.5], "texture": "#0"},
				"west": {"uv": [4, 5, 4.5, 6.5], "texture": "#0"},
				"up": {"uv": [4.5, 5.5, 4, 5], "texture": "#0"},
				"down": {"uv": [4.5, 6.5, 4, 6], "texture": "#0"}
			}
		},
		{
			"from": [7.275, 3.8, 10.5],
			"to": [7.775, 4.3, 12.5],
			"rotation": {"angle": 0, "axis": "z", "origin": [8.025, 5.05, 8.75]},
			"faces": {
				"north": {"uv": [4, 5, 4.5, 5.5], "texture": "#0"},
				"east": {"uv": [4, 5, 4.5, 5.5], "texture": "#0"},
				"south": {"uv": [4, 5, 4.5, 5.5], "texture": "#0"},
				"west": {"uv": [3.5, 5, 5.5, 5.5], "texture": "#0"},
				"up": {"uv": [4.5, 5.5, 4, 5], "texture": "#0"},
				"down": {"uv": [4.5, 5.5, 4, 5], "texture": "#0"}
			}
		},
		{
			"from": [7.275, 1.8, 10.5],
			"to": [7.775, 2.3, 12.5],
			"rotation": {"angle": 0, "axis": "z", "origin": [8.025, 5.05, 8.75]},
			"faces": {
				"north": {"uv": [4, 5, 4.5, 5.5], "texture": "#0"},
				"east": {"uv": [3.5, 5, 5.5, 5.5], "texture": "#0"},
				"south": {"uv": [4, 5, 4.5, 5.5], "texture": "#0"},
				"west": {"uv": [3.5, 5, 5.5, 5.5], "texture": "#0"},
				"up": {"uv": [4.5, 5.5, 4, 5], "texture": "#0"},
				"down": {"uv": [4.5, 5.5, 4, 5], "texture": "#0"}
			}
		},
		{
			"from": [7.275, 2.3, 9.5],
			"to": [7.775, 3.8, 13],
			"rotation": {"angle": 0, "axis": "z", "origin": [8.025, 5.05, 8.75]},
			"faces": {
				"north": {"uv": [4, 5, 4.5, 5.5], "texture": "#0"},
				"east": {"uv": [3, 5, 6.5, 6.5], "texture": "#0"},
				"south": {"uv": [4, 5, 4.5, 5.5], "texture": "#0"},
				"west": {"uv": [3, 5, 6.5, 6.5], "texture": "#0"},
				"up": {"uv": [4.5, 5.5, 4, 5], "texture": "#0"},
				"down": {"uv": [4.5, 5.5, 4, 5], "texture": "#0"}
			}
		},
		{
			"from": [7.275, 4.3, 10.5],
			"to": [7.775, 4.8, 12],
			"rotation": {"angle": 0, "axis": "z", "origin": [8.025, 5.05, 8.75]},
			"faces": {
				"north": {"uv": [4, 5, 4.5, 5.5], "texture": "#0"},
				"east": {"uv": [4, 5, 4.5, 5.5], "texture": "#0"},
				"south": {"uv": [4, 5, 4.5, 5.5], "texture": "#0"},
				"west": {"uv": [4, 5, 4.5, 5.5], "texture": "#0"},
				"up": {"uv": [4.5, 5.5, 4, 5], "texture": "#0"},
				"down": {"uv": [4.5, 5.5, 4, 5], "texture": "#0"}
			}
		},
		{
			"from": [7.275, 1.3, 10.5],
			"to": [7.775, 1.8, 12],
			"rotation": {"angle": 0, "axis": "z", "origin": [8.025, 5.05, 8.75]},
			"faces": {
				"north": {"uv": [4, 5, 4.5, 5.5], "texture": "#0"},
				"east": {"uv": [3.5, 5, 5, 5.5], "texture": "#0"},
				"south": {"uv": [4, 5, 4.5, 5.5], "texture": "#0"},
				"west": {"uv": [3.5, 5, 4, 6.5], "rotation": 90, "texture": "#0"},
				"up": {"uv": [4.5, 5.5, 4, 5], "texture": "#0"},
				"down": {"uv": [4.5, 5.5, 4, 5], "texture": "#0"}
			}
		},
		{
			"from": [8.275, 4.3, 10.5],
			"to": [8.775, 4.8, 12],
			"rotation": {"angle": 0, "axis": "z", "origin": [8.025, 5.05, 8.75]},
			"faces": {
				"north": {"uv": [4, 5, 4.5, 5.5], "texture": "#0"},
				"east": {"uv": [4, 5, 4.5, 5.5], "texture": "#0"},
				"south": {"uv": [4, 5, 4.5, 5.5], "texture": "#0"},
				"west": {"uv": [4, 5, 4.5, 5.5], "texture": "#0"},
				"up": {"uv": [4.5, 5.5, 4, 5], "texture": "#0"},
				"down": {"uv": [4.5, 5.5, 4, 5], "texture": "#0"}
			}
		},
		{
			"from": [8.275, 3.8, 10.5],
			"to": [8.775, 4.3, 12.5],
			"rotation": {"angle": 0, "axis": "z", "origin": [8.025, 5.05, 8.75]},
			"faces": {
				"north": {"uv": [4, 5, 4.5, 5.5], "texture": "#0"},
				"east": {"uv": [3.5, 5, 5.5, 5.5], "texture": "#0"},
				"south": {"uv": [4, 5, 4.5, 5.5], "texture": "#0"},
				"west": {"uv": [4, 5, 4.5, 5.5], "texture": "#0"},
				"up": {"uv": [4.5, 5.5, 4, 5], "texture": "#0"},
				"down": {"uv": [4.5, 5.5, 4, 5], "texture": "#0"}
			}
		},
		{
			"from": [7.775, 3.8, 10.5],
			"to": [8.275, 4.3, 12],
			"rotation": {"angle": 0, "axis": "z", "origin": [8.025, 5.05, 8.75]},
			"faces": {
				"north": {"uv": [4, 5, 4.5, 5.5], "texture": "#0"},
				"east": {"uv": [4, 5, 4.5, 5.5], "texture": "#0"},
				"south": {"uv": [1.5, 1, 2, 1.5], "texture": "#0"},
				"west": {"uv": [4, 5, 4.5, 5.5], "texture": "#0"},
				"up": {"uv": [2, 1.5, 1.5, 0], "texture": "#0"},
				"down": {"uv": [2, 1.5, 1.5, 0], "rotation": 180, "texture": "#0"}
			}
		},
		{
			"from": [7.775, 3.3, 10.5],
			"to": [8.275, 3.8, 12.5],
			"rotation": {"angle": 0, "axis": "z", "origin": [8.025, 5.05, 8.75]},
			"faces": {
				"north": {"uv": [4, 5, 4.5, 5.5], "texture": "#0"},
				"east": {"uv": [4, 5, 4.5, 5.5], "texture": "#0"},
				"south": {"uv": [1.5, 1, 2, 1.5], "texture": "#0"},
				"west": {"uv": [4, 5, 4.5, 5.5], "texture": "#0"},
				"up": {"uv": [2, 1.5, 1.5, 0], "texture": "#0"},
				"down": {"uv": [2, 1.5, 1.5, 0], "rotation": 180, "texture": "#0"}
			}
		},
		{
			"from": [7.775, 2.8, 10.5],
			"to": [8.275, 3.3, 12.5],
			"rotation": {"angle": 0, "axis": "z", "origin": [8.025, 5.05, 8.75]},
			"faces": {
				"north": {"uv": [4, 5, 4.5, 5.5], "texture": "#0"},
				"east": {"uv": [4, 5, 4.5, 5.5], "texture": "#0"},
				"south": {"uv": [1.5, 1, 2, 1.5], "texture": "#0"},
				"west": {"uv": [4, 5, 4.5, 5.5], "texture": "#0"},
				"up": {"uv": [2, 1.5, 1.5, 0], "texture": "#0"},
				"down": {"uv": [2, 1.5, 1.5, 0], "rotation": 180, "texture": "#0"}
			}
		},
		{
			"from": [7.775, 2.3, 10.5],
			"to": [8.275, 2.8, 12.5],
			"rotation": {"angle": 0, "axis": "z", "origin": [8.025, 5.05, 8.75]},
			"faces": {
				"north": {"uv": [4, 5, 4.5, 5.5], "texture": "#0"},
				"east": {"uv": [4, 5, 4.5, 5.5], "texture": "#0"},
				"south": {"uv": [1.5, 1, 2, 1.5], "texture": "#0"},
				"west": {"uv": [4, 5, 4.5, 5.5], "texture": "#0"},
				"up": {"uv": [2, 1.5, 1.5, 0], "texture": "#0"},
				"down": {"uv": [2, 1.5, 1.5, 0], "rotation": 180, "texture": "#0"}
			}
		},
		{
			"from": [7.775, 1.5, 12.2],
			"to": [8.275, 2, 13.2],
			"rotation": {"angle": 45, "axis": "x", "origin": [8.025, 2.05, 13.25]},
			"faces": {
				"north": {"uv": [1.5, 6, 2, 8], "texture": "#0"},
				"east": {"uv": [1.5, 6, 2, 8], "texture": "#0"},
				"south": {"uv": [1.5, 6, 2, 8], "texture": "#0"},
				"west": {"uv": [1.5, 6, 2, 8], "texture": "#0"},
				"up": {"uv": [2, 8, 1.5, 6], "texture": "#0"},
				"down": {"uv": [2, 8, 1.5, 6], "texture": "#0"}
			}
		},
		{
			"from": [7.575, 1.4, 13.2],
			"to": [8.475, 2.2, 16.3],
			"rotation": {"angle": 45, "axis": "x", "origin": [8.025, 2.05, 13.25]},
			"faces": {
				"north": {"uv": [1.5, 6, 2, 8], "texture": "#0"},
				"east": {"uv": [1.5, 6, 2, 8], "texture": "#0"},
				"south": {"uv": [1.5, 6, 2, 8], "texture": "#0"},
				"west": {"uv": [1.5, 6, 2, 8], "texture": "#0"},
				"up": {"uv": [2, 8, 1.5, 6], "texture": "#0"},
				"down": {"uv": [2, 8, 1.5, 6], "texture": "#0"}
			}
		},
		{
			"from": [7.775, 1.8, 10.5],
			"to": [8.275, 2.3, 12],
			"rotation": {"angle": 0, "axis": "z", "origin": [8.025, 5.05, 8.75]},
			"faces": {
				"north": {"uv": [4, 5, 4.5, 5.5], "texture": "#0"},
				"east": {"uv": [4, 5, 4.5, 5.5], "texture": "#0"},
				"south": {"uv": [1.5, 1, 2, 1.5], "texture": "#0"},
				"west": {"uv": [4, 5, 4.5, 5.5], "texture": "#0"},
				"up": {"uv": [2, 1.5, 1.5, 0], "texture": "#0"},
				"down": {"uv": [2, 1.5, 1.5, 0], "rotation": 180, "texture": "#0"}
			}
		},
		{
			"from": [8.275, 2.3, 9.5],
			"to": [8.775, 3.8, 13],
			"rotation": {"angle": 0, "axis": "z", "origin": [8.025, 5.05, 8.75]},
			"faces": {
				"north": {"uv": [4, 5, 4.5, 5.5], "texture": "#0"},
				"east": {"uv": [3, 5, 6.5, 6.5], "texture": "#0"},
				"south": {"uv": [4, 5, 4.5, 5.5], "texture": "#0"},
				"west": {"uv": [3, 5, 6.5, 6.5], "texture": "#0"},
				"up": {"uv": [4.5, 5.5, 4, 5], "texture": "#0"},
				"down": {"uv": [4.5, 5.5, 4, 5], "texture": "#0"}
			}
		},
		{
			"from": [8.275, 1.8, 10],
			"to": [8.775, 2.3, 12.5],
			"rotation": {"angle": 0, "axis": "z", "origin": [8.025, 5.05, 8.75]},
			"faces": {
				"north": {"uv": [4, 5, 4.5, 5.5], "texture": "#0"},
				"east": {"uv": [3.5, 5, 6, 5.5], "texture": "#0"},
				"south": {"uv": [4, 5, 4.5, 5.5], "texture": "#0"},
				"west": {"uv": [3.5, 5, 5.5, 5.5], "texture": "#0"},
				"up": {"uv": [4.5, 5.5, 4, 5], "texture": "#0"},
				"down": {"uv": [4.5, 5.5, 4, 5], "texture": "#0"}
			}
		},
		{
			"from": [8.275, 1.3, 10.5],
			"to": [8.775, 1.8, 12],
			"rotation": {"angle": 0, "axis": "z", "origin": [8.025, 5.05, 8.75]},
			"faces": {
				"north": {"uv": [4, 5, 4.5, 5.5], "texture": "#0"},
				"east": {"uv": [3.5, 5, 5, 5.5], "texture": "#0"},
				"south": {"uv": [4, 5, 4.5, 5.5], "texture": "#0"},
				"west": {"uv": [3.5, 5, 5, 5.5], "rotation": 180, "texture": "#0"},
				"up": {"uv": [4.5, 5.5, 4, 5], "texture": "#0"},
				"down": {"uv": [4.5, 5.5, 4, 5], "texture": "#0"}
			}
		},
		{
			"from": [5.775, 3.8, 10],
			"to": [6.775, 4.3, 11.5],
			"rotation": {"angle": 0, "axis": "x", "origin": [8.025, 5.05, 8.75]},
			"faces": {
				"north": {"uv": [4, 5, 4.5, 5.5], "texture": "#0"},
				"east": {"uv": [4, 5, 4.5, 6.5], "rotation": 90, "texture": "#0"},
				"south": {"uv": [4, 6, 4.5, 6.5], "rotation": 180, "texture": "#0"},
				"west": {"uv": [4, 5, 4.5, 6.5], "rotation": 270, "texture": "#0"},
				"up": {"uv": [4.5, 6.5, 4, 5], "rotation": 180, "texture": "#0"},
				"down": {"uv": [4.5, 6.5, 4, 5], "texture": "#0"}
			}
		},
		{
			"from": [5.775, 1.8, 10],
			"to": [6.775, 2.3, 11.5],
			"rotation": {"angle": 0, "axis": "x", "origin": [8.025, 5.05, 8.75]},
			"faces": {
				"north": {"uv": [4, 5, 4.5, 5.5], "texture": "#0"},
				"east": {"uv": [4, 5, 4.5, 6.5], "rotation": 90, "texture": "#0"},
				"south": {"uv": [4, 6, 4.5, 6.5], "rotation": 180, "texture": "#0"},
				"west": {"uv": [4, 5, 4.5, 6.5], "rotation": 270, "texture": "#0"},
				"up": {"uv": [4.5, 6.5, 4, 5], "rotation": 180, "texture": "#0"},
				"down": {"uv": [4.5, 6.5, 4, 5], "texture": "#0"}
			}
		},
		{
			"from": [9.275, 2.3, 11.5],
			"to": [10.275, 3.8, 12],
			"rotation": {"angle": 0, "axis": "z", "origin": [8.025, 5.05, 8.75]},
			"faces": {
				"north": {"uv": [4, 5, 4.5, 6.5], "texture": "#0"},
				"east": {"uv": [4, 5, 4.5, 6.5], "texture": "#0"},
				"south": {"uv": [4, 5, 4.5, 6.5], "texture": "#0"},
				"west": {"uv": [4, 5, 4.5, 6.5], "texture": "#0"},
				"up": {"uv": [4.5, 5.5, 4, 5], "texture": "#0"},
				"down": {"uv": [4.5, 6.5, 4, 6], "texture": "#0"}
			}
		},
		{
			"from": [9.275, 2.3, 9.5],
			"to": [10.275, 3.8, 10],
			"rotation": {"angle": 0, "axis": "z", "origin": [8.025, 5.05, 8.75]},
			"faces": {
				"north": {"uv": [4, 5, 4.5, 6.5], "texture": "#0"},
				"east": {"uv": [4, 5, 4.5, 6.5], "texture": "#0"},
				"south": {"uv": [4, 5, 4.5, 6.5], "texture": "#0"},
				"west": {"uv": [4, 5, 4.5, 6.5], "texture": "#0"},
				"up": {"uv": [4.5, 5.5, 4, 5], "texture": "#0"},
				"down": {"uv": [4.5, 6.5, 4, 6], "texture": "#0"}
			}
		},
		{
			"from": [9.275, 2.3, 10],
			"to": [10.275, 3.8, 10.5],
			"rotation": {"angle": 0, "axis": "z", "origin": [8.025, 5.05, 8.75]},
			"faces": {
				"north": {"uv": [4, 5, 4.5, 6.5], "texture": "#0"},
				"east": {"uv": [4, 5, 4.5, 6.5], "rotation": 180, "texture": "#0"},
				"south": {"uv": [4, 5, 4.5, 6.5], "texture": "#0"},
				"west": {"uv": [4, 5, 4.5, 6.5], "texture": "#0"},
				"up": {"uv": [4.5, 5.5, 4, 5], "texture": "#0"},
				"down": {"uv": [4.5, 6.5, 4, 6], "texture": "#0"}
			}
		},
		{
			"from": [9.275, 2.3, 11],
			"to": [10.275, 3.8, 11.5],
			"rotation": {"angle": 0, "axis": "z", "origin": [8.025, 5.05, 8.75]},
			"faces": {
				"north": {"uv": [4, 5, 4.5, 6.5], "texture": "#0"},
				"east": {"uv": [4, 5, 4.5, 6.5], "rotation": 180, "texture": "#0"},
				"south": {"uv": [4, 5, 4.5, 6.5], "texture": "#0"},
				"west": {"uv": [4, 5, 4.5, 6.5], "texture": "#0"},
				"up": {"uv": [4.5, 5.5, 4, 5], "texture": "#0"},
				"down": {"uv": [4.5, 6.5, 4, 6], "texture": "#0"}
			}
		},
		{
			"from": [9.275, 3.3, 10.5],
			"to": [10.275, 3.8, 11],
			"rotation": {"angle": 0, "axis": "z", "origin": [8.025, 5.05, 8.75]},
			"faces": {
				"north": {"uv": [4.5, 7, 5, 7.5], "rotation": 270, "texture": "#0"},
				"east": {"uv": [4.5, 7, 5, 7.5], "rotation": 270, "texture": "#0"},
				"south": {"uv": [4.5, 7, 5, 7.5], "rotation": 270, "texture": "#0"},
				"west": {"uv": [4.5, 7, 5, 7.5], "rotation": 270, "texture": "#0"},
				"up": {"uv": [5, 7.5, 4.5, 7], "rotation": 270, "texture": "#0"},
				"down": {"uv": [5, 7.5, 4.5, 7], "rotation": 270, "texture": "#0"}
			}
		},
		{
			"from": [9.275, 2.3, 10.5],
			"to": [10.275, 2.8, 11],
			"rotation": {"angle": 0, "axis": "z", "origin": [8.025, 5.05, 8.75]},
			"faces": {
				"north": {"uv": [4.5, 7, 5, 7.5], "rotation": 270, "texture": "#0"},
				"east": {"uv": [4.5, 7, 5, 7.5], "rotation": 270, "texture": "#0"},
				"south": {"uv": [4.5, 7, 5, 7.5], "rotation": 270, "texture": "#0"},
				"west": {"uv": [4.5, 7, 5, 7.5], "rotation": 270, "texture": "#0"},
				"up": {"uv": [5, 7.5, 4.5, 7], "rotation": 270, "texture": "#0"},
				"down": {"uv": [5, 7.5, 4.5, 7], "rotation": 270, "texture": "#0"}
			}
		},
		{
			"from": [9.275, 2.8, 10.5],
			"to": [9.775, 3.3, 11],
			"rotation": {"angle": 0, "axis": "z", "origin": [8.025, 5.05, 8.75]},
			"faces": {
				"north": {"uv": [0.5, 6.5, 1, 7], "rotation": 270, "texture": "#0"},
				"east": {"uv": [0.5, 6.5, 1, 7], "rotation": 270, "texture": "#0"},
				"south": {"uv": [0.5, 6.5, 1, 7], "rotation": 270, "texture": "#0"},
				"west": {"uv": [0.5, 6.5, 1, 7], "rotation": 270, "texture": "#0"},
				"up": {"uv": [1, 7, 0.5, 6.5], "rotation": 270, "texture": "#0"},
				"down": {"uv": [1, 7, 0.5, 6.5], "rotation": 270, "texture": "#0"}
			}
		},
		{
			"from": [9.275, 3.8, 10],
			"to": [10.275, 4.3, 11.5],
			"rotation": {"angle": 0, "axis": "x", "origin": [8.025, 5.05, 8.75]},
			"faces": {
				"north": {"uv": [4, 5, 4.5, 5.5], "texture": "#0"},
				"east": {"uv": [4, 5, 4.5, 6.5], "rotation": 90, "texture": "#0"},
				"south": {"uv": [4, 6, 4.5, 6.5], "rotation": 180, "texture": "#0"},
				"west": {"uv": [4, 5, 4.5, 6.5], "rotation": 270, "texture": "#0"},
				"up": {"uv": [4.5, 6.5, 4, 5], "rotation": 180, "texture": "#0"},
				"down": {"uv": [4.5, 6.5, 4, 5], "texture": "#0"}
			}
		},
		{
			"from": [9.275, 1.8, 10],
			"to": [10.275, 2.3, 11.5],
			"rotation": {"angle": 0, "axis": "x", "origin": [8.025, 5.05, 8.75]},
			"faces": {
				"north": {"uv": [4, 5, 4.5, 5.5], "texture": "#0"},
				"east": {"uv": [4, 5, 4.5, 6.5], "rotation": 90, "texture": "#0"},
				"south": {"uv": [4, 6, 4.5, 6.5], "rotation": 180, "texture": "#0"},
				"west": {"uv": [4, 5, 4.5, 6.5], "rotation": 270, "texture": "#0"},
				"up": {"uv": [4.5, 6.5, 4, 5], "rotation": 180, "texture": "#0"},
				"down": {"uv": [4.5, 6.5, 4, 5], "texture": "#0"}
			}
		},
		{
			"from": [3.775, 2.75, 10.425],
			"to": [5.775, 3.35, 11.025],
			"rotation": {"angle": 0, "axis": "x", "origin": [8.025, 5.05, 8.75]},
			"faces": {
				"north": {"uv": [1.5, 6, 2, 6.5], "rotation": 270, "texture": "#0"},
				"east": {"uv": [6, 6, 6.5, 6.5], "rotation": 270, "texture": "#0"},
				"south": {"uv": [1.5, 6, 2, 6.5], "rotation": 270, "texture": "#0"},
				"west": {"uv": [1.5, 6, 2, 6.5], "rotation": 270, "texture": "#0"},
				"up": {"uv": [2, 6.5, 1.5, 6], "rotation": 270, "texture": "#0"},
				"down": {"uv": [2, 6.5, 1.5, 6], "rotation": 270, "texture": "#0"}
			}
		},
		{
			"from": [6.775, 2.6, 10.2],
			"to": [7.275, 3.6, 11.2],
			"rotation": {"angle": 0, "axis": "x", "origin": [8.025, 5.05, 8.75]},
			"faces": {
				"north": {"uv": [6.5, 4.5, 7.5, 5], "rotation": 270, "texture": "#0"},
				"east": {"uv": [6, 6, 6.5, 6.5], "rotation": 270, "texture": "#0"},
				"south": {"uv": [6.5, 4.5, 7.5, 5], "rotation": 270, "texture": "#0"},
				"west": {"uv": [1.5, 6, 2, 6.5], "rotation": 270, "texture": "#0"},
				"up": {"uv": [7.5, 5, 6.5, 4.5], "rotation": 270, "texture": "#0"},
				"down": {"uv": [7.5, 5, 6.5, 4.5], "rotation": 270, "texture": "#0"}
			}
		},
		{
			"from": [8.775, 2.6, 10.2],
			"to": [9.275, 3.6, 11.2],
			"rotation": {"angle": 0, "axis": "x", "origin": [8.025, 5.05, 8.75]},
			"faces": {
				"north": {"uv": [6.5, 4.5, 7.5, 5], "rotation": 270, "texture": "#0"},
				"east": {"uv": [6, 6, 6.5, 6.5], "rotation": 270, "texture": "#0"},
				"south": {"uv": [6.5, 4.5, 7.5, 5], "rotation": 270, "texture": "#0"},
				"west": {"uv": [1.5, 6, 2, 6.5], "rotation": 270, "texture": "#0"},
				"up": {"uv": [7.5, 5, 6.5, 4.5], "rotation": 270, "texture": "#0"},
				"down": {"uv": [7.5, 5, 6.5, 4.5], "rotation": 270, "texture": "#0"}
			}
		},
		{
			"from": [6.775, 2.3, 9],
			"to": [9.275, 2.8, 9.5],
			"rotation": {"angle": 0, "axis": "z", "origin": [8.025, 5.05, 8.75]},
			"faces": {
				"north": {"uv": [2.5, 0, 3, 0.5], "rotation": 90, "texture": "#0"},
				"east": {"uv": [5, 0.5, 6, 1], "texture": "#0"},
				"south": {"uv": [3, 3.5, 5.5, 4], "texture": "#0"},
				"west": {"uv": [4, 2.5, 5, 3.5], "texture": "#0"},
				"up": {"uv": [5.5, 4, 3, 3.5], "rotation": 180, "texture": "#0"},
				"down": {"uv": [5.5, 4, 3, 3.5], "rotation": 180, "texture": "#0"}
			}
		},
		{
			"from": [8.775, 3.8, 9],
			"to": [9.275, 4.8, 10],
			"rotation": {"angle": 0, "axis": "z", "origin": [8.025, 5.05, 8.75]},
			"faces": {
				"north": {"uv": [2.5, 0, 3, 0.5], "rotation": 90, "texture": "#0"},
				"east": {"uv": [4, 2.5, 5, 3.5], "texture": "#0"},
				"south": {"uv": [5, 1.5, 5.5, 2.5], "texture": "#0"},
				"west": {"uv": [4, 2.5, 5, 3.5], "texture": "#0"},
				"up": {"uv": [5.5, 2.5, 5, 1.5], "texture": "#0"},
				"down": {"uv": [3.5, 0.5, 3, 0], "rotation": 90, "texture": "#0"}
			}
		},
		{
			"from": [7.275, 3.8, 9],
			"to": [8.775, 4.8, 10.5],
			"rotation": {"angle": 0, "axis": "y", "origin": [8.025, 5.05, 8.75]},
			"faces": {
				"north": {"uv": [4, 2.5, 5, 3.5], "texture": "#0"},
				"east": {"uv": [3, 0, 3.5, 1], "rotation": 90, "texture": "#0"},
				"south": {"uv": [4, 2.5, 5, 3.5], "texture": "#0"},
				"west": {"uv": [5, 1.5, 5.5, 2.5], "texture": "#0"},
				"up": {"uv": [5.5, 2.5, 5, 1.5], "rotation": 90, "texture": "#0"},
				"down": {"uv": [3.5, 0.5, 3, 0], "rotation": 90, "texture": "#0"}
			}
		},
		{
			"from": [9.275, 2.8, 9],
			"to": [9.775, 3.8, 9.5],
			"rotation": {"angle": 0, "axis": "z", "origin": [8.025, 5.05, 8.75]},
			"faces": {
				"north": {"uv": [2.5, 0, 3, 0.5], "rotation": 90, "texture": "#0"},
				"east": {"uv": [4.5, 2.5, 5, 3.5], "texture": "#0"},
				"south": {"uv": [5, 1.5, 5.5, 2.5], "texture": "#0"},
				"west": {"uv": [4, 2.5, 5, 3.5], "texture": "#0"},
				"up": {"uv": [4.5, 3, 4, 2.5], "texture": "#0"},
				"down": {"uv": [3.5, 0.5, 3, 0], "rotation": 90, "texture": "#0"}
			}
		},
		{
			"from": [9.275, 3.3, 4.5],
			"to": [9.775, 4.3, 9],
			"rotation": {"angle": 0, "axis": "y", "origin": [16.775, 1.8, 17.5]},
			"faces": {
				"north": {"uv": [3, 0, 2.5, 0.5], "texture": "#0"},
				"east": {"uv": [1.5, 0, 2.5, 4.5], "rotation": 90, "texture": "#0"},
				"south": {"uv": [2, 0, 1.5, 0.5], "texture": "#0"},
				"west": {"uv": [3, 0, 2, 4.5], "rotation": 90, "texture": "#0"},
				"up": {"uv": [2, 0, 1.5, 4.5], "texture": "#0"},
				"down": {"uv": [1.5, 4.5, 2, 0], "texture": "#0"}
			}
		},
		{
			"from": [6.775, 4.3, 4.5],
			"to": [7.275, 4.8, 9],
			"rotation": {"angle": 0, "axis": "y", "origin": [16.775, 1.8, 17.5]},
			"faces": {
				"north": {"uv": [2.5, 0, 3, 0.5], "texture": "#0"},
				"east": {"uv": [0.5, 0, 1, 4.5], "rotation": 270, "texture": "#0"},
				"south": {"uv": [0, 0, 0.5, 0.5], "texture": "#missing"},
				"west": {"uv": [0, 0, 0.5, 4.5], "rotation": 90, "texture": "#0"},
				"up": {"uv": [0.5, 4.5, 0, 0], "texture": "#0"},
				"down": {"uv": [0.5, 4.5, 0, 0], "texture": "#0"}
			}
		},
		{
			"from": [6.775, 4.3, 4],
			"to": [7.275, 4.8, 4.5],
			"rotation": {"angle": 0, "axis": "y", "origin": [16.775, 1.8, 17.5]},
			"faces": {
				"north": {"uv": [2.5, 0, 3, 0.5], "texture": "#0"},
				"east": {"uv": [2.5, 0, 3, 0.5], "texture": "#0"},
				"south": {"uv": [2.5, 0, 3, 0.5], "texture": "#0"},
				"west": {"uv": [2.5, 0, 3, 0.5], "texture": "#0"},
				"up": {"uv": [3, 0.5, 2.5, 0], "texture": "#0"},
				"down": {"uv": [3, 0.5, 2.5, 0], "texture": "#0"}
			}
		},
		{
			"from": [8.775, 4.3, 4],
			"to": [9.275, 4.8, 4.5],
			"rotation": {"angle": 0, "axis": "y", "origin": [16.775, 1.8, 17.5]},
			"faces": {
				"north": {"uv": [2.5, 0, 3, 0.5], "texture": "#0"},
				"east": {"uv": [2.5, 0, 3, 0.5], "texture": "#0"},
				"south": {"uv": [2.5, 0, 3, 0.5], "texture": "#0"},
				"west": {"uv": [2.5, 0, 3, 0.5], "texture": "#0"},
				"up": {"uv": [3, 0.5, 2.5, 0], "texture": "#0"},
				"down": {"uv": [3, 0.5, 2.5, 0], "texture": "#0"}
			}
		},
		{
			"from": [7.775, 4.8, 4],
			"to": [8.275, 5.3, 4.5],
			"rotation": {"angle": 0, "axis": "y", "origin": [16.775, 1.8, 17.5]},
			"faces": {
				"north": {"uv": [2.5, 0, 3, 0.5], "texture": "#0"},
				"east": {"uv": [2.5, 0, 3, 0.5], "texture": "#0"},
				"south": {"uv": [2.5, 0, 3, 0.5], "texture": "#0"},
				"west": {"uv": [2.5, 0, 3, 0.5], "texture": "#0"},
				"up": {"uv": [3, 0.5, 2.5, 0], "texture": "#0"},
				"down": {"uv": [3, 0.5, 2.5, 0], "texture": "#0"}
			}
		},
		{
			"from": [7.9, 4.9, 3.625],
			"to": [8.15, 6.9, 3.875],
			"rotation": {"angle": -45, "axis": "x", "origin": [8.025, 5.55, 3.75]},
			"faces": {
				"north": {"uv": [2.5, 0, 3, 0.5], "texture": "#0"},
				"east": {"uv": [2.5, 0, 3, 0.5], "texture": "#0"},
				"south": {"uv": [2.5, 0, 3, 0.5], "texture": "#0"},
				"west": {"uv": [2.5, 0, 3, 0.5], "texture": "#0"},
				"up": {"uv": [3, 0.5, 2.5, 0], "texture": "#0"},
				"down": {"uv": [3, 0.5, 2.5, 0], "texture": "#0"}
			}
		},
		{
			"from": [10.4, 2.925, 2],
			"to": [10.65, 3.175, 4],
			"rotation": {"angle": -45, "axis": "y", "origin": [9.9, 3.05, 3]},
			"faces": {
				"north": {"uv": [2.5, 0, 3, 0.5], "texture": "#0"},
				"east": {"uv": [2.5, 0, 3, 0.5], "rotation": 90, "texture": "#0"},
				"south": {"uv": [2.5, 0, 3, 0.5], "rotation": 180, "texture": "#0"},
				"west": {"uv": [2.5, 0, 3, 0.5], "rotation": 270, "texture": "#0"},
				"up": {"uv": [3, 0.5, 2.5, 0], "rotation": 180, "texture": "#0"},
				"down": {"uv": [3, 0.5, 2.5, 0], "texture": "#0"}
			}
		},
		{
			"from": [5.4, 2.925, 2],
			"to": [5.65, 3.175, 4],
			"rotation": {"angle": 45, "axis": "y", "origin": [6.15, 3.05, 3]},
			"faces": {
				"north": {"uv": [2.5, 0, 3, 0.5], "texture": "#0"},
				"east": {"uv": [2.5, 0, 3, 0.5], "rotation": 90, "texture": "#0"},
				"south": {"uv": [2.5, 0, 3, 0.5], "rotation": 180, "texture": "#0"},
				"west": {"uv": [2.5, 0, 3, 0.5], "rotation": 270, "texture": "#0"},
				"up": {"uv": [3, 0.5, 2.5, 0], "rotation": 180, "texture": "#0"},
				"down": {"uv": [3, 0.5, 2.5, 0], "texture": "#0"}
			}
		},
		{
			"from": [5.4, 2.925, 1.75],
			"to": [6.65, 3.175, 2],
			"rotation": {"angle": 45, "axis": "y", "origin": [6.15, 3.05, 3]},
			"faces": {
				"north": {"uv": [2.5, 0, 3, 0.5], "texture": "#0"},
				"east": {"uv": [2.5, 0, 3, 0.5], "rotation": 90, "texture": "#0"},
				"south": {"uv": [2.5, 0, 3, 0.5], "rotation": 180, "texture": "#0"},
				"west": {"uv": [2.5, 0, 3, 0.5], "rotation": 270, "texture": "#0"},
				"up": {"uv": [3, 0.5, 2.5, 0], "rotation": 180, "texture": "#0"},
				"down": {"uv": [3, 0.5, 2.5, 0], "texture": "#0"}
			}
		},
		{
			"from": [9.4, 2.925, 1.75],
			"to": [10.65, 3.175, 2],
			"rotation": {"angle": -45, "axis": "y", "origin": [9.9, 3.05, 3]},
			"faces": {
				"north": {"uv": [2.5, 0, 3, 0.5], "texture": "#0"},
				"east": {"uv": [2.5, 0, 3, 0.5], "rotation": 90, "texture": "#0"},
				"south": {"uv": [2.5, 0, 3, 0.5], "rotation": 180, "texture": "#0"},
				"west": {"uv": [2.5, 0, 3, 0.5], "rotation": 270, "texture": "#0"},
				"up": {"uv": [3, 0.5, 2.5, 0], "rotation": 180, "texture": "#0"},
				"down": {"uv": [3, 0.5, 2.5, 0], "texture": "#0"}
			}
		},
		{
			"from": [7.9, 6.9, 2.625],
			"to": [8.15, 7.15, 3.875],
			"rotation": {"angle": -45, "axis": "x", "origin": [8.025, 5.55, 3.75]},
			"faces": {
				"north": {"uv": [2.5, 0, 3, 0.5], "texture": "#0"},
				"east": {"uv": [2.5, 0, 3, 0.5], "texture": "#0"},
				"south": {"uv": [2.5, 0, 3, 0.5], "texture": "#0"},
				"west": {"uv": [2.5, 0, 3, 0.5], "texture": "#0"},
				"up": {"uv": [3, 0.5, 2.5, 0], "texture": "#0"},
				"down": {"uv": [3, 0.5, 2.5, 0], "texture": "#0"}
			}
		},
		{
			"from": [8.775, 2.3, 4],
			"to": [9.275, 2.8, 4.5],
			"rotation": {"angle": 0, "axis": "y", "origin": [16.775, 1.8, 17.5]},
			"faces": {
				"north": {"uv": [2.5, 0, 3, 0.5], "texture": "#0"},
				"east": {"uv": [2.5, 0, 3, 0.5], "texture": "#0"},
				"south": {"uv": [2.5, 0, 3, 0.5], "texture": "#0"},
				"west": {"uv": [2.5, 0, 3, 0.5], "texture": "#0"},
				"up": {"uv": [3, 0.5, 2.5, 0], "texture": "#0"},
				"down": {"uv": [3, 0.5, 2.5, 0], "texture": "#0"}
			}
		},
		{
			"from": [9.275, 2.8, 4],
			"to": [9.775, 3.3, 4.5],
			"rotation": {"angle": 0, "axis": "y", "origin": [16.775, 1.8, 17.5]},
			"faces": {
				"north": {"uv": [2.5, 0, 3, 0.5], "texture": "#0"},
				"east": {"uv": [2.5, 0, 3, 0.5], "texture": "#0"},
				"south": {"uv": [2.5, 0, 3, 0.5], "texture": "#0"},
				"west": {"uv": [2.5, 0, 3, 0.5], "texture": "#0"},
				"up": {"uv": [3, 0.5, 2.5, 0], "texture": "#0"},
				"down": {"uv": [3, 0.5, 2.5, 0], "texture": "#0"}
			}
		},
		{
			"from": [6.775, 2.3, 4],
			"to": [7.275, 2.8, 4.5],
			"rotation": {"angle": 0, "axis": "y", "origin": [16.775, 1.8, 17.5]},
			"faces": {
				"north": {"uv": [2.5, 0, 3, 0.5], "texture": "#0"},
				"east": {"uv": [2.5, 0, 3, 0.5], "texture": "#0"},
				"south": {"uv": [2.5, 0, 3, 0.5], "texture": "#0"},
				"west": {"uv": [2.5, 0, 3, 0.5], "texture": "#0"},
				"up": {"uv": [3, 0.5, 2.5, 0], "texture": "#0"},
				"down": {"uv": [3, 0.5, 2.5, 0], "texture": "#0"}
			}
		},
		{
			"from": [6.275, 2.8, 4],
			"to": [6.775, 3.3, 4.5],
			"rotation": {"angle": 0, "axis": "y", "origin": [16.775, 1.8, 17.5]},
			"faces": {
				"north": {"uv": [2.5, 0, 3, 0.5], "texture": "#0"},
				"east": {"uv": [2.5, 0, 3, 0.5], "texture": "#0"},
				"south": {"uv": [2.5, 0, 3, 0.5], "texture": "#0"},
				"west": {"uv": [2.5, 0, 3, 0.5], "texture": "#0"},
				"up": {"uv": [3, 0.5, 2.5, 0], "texture": "#0"},
				"down": {"uv": [3, 0.5, 2.5, 0], "texture": "#0"}
			}
		},
		{
			"from": [7.275, 2.3, 4],
			"to": [8.775, 2.8, 4.5],
			"rotation": {"angle": 0, "axis": "y", "origin": [16.775, 1.8, 17.5]},
			"faces": {
				"north": {"uv": [1.5, 0, 3, 0.5], "texture": "#0"},
				"east": {"uv": [2.5, 0, 3, 0.5], "texture": "#0"},
				"south": {"uv": [1.5, 0, 3, 0.5], "rotation": 180, "texture": "#0"},
				"west": {"uv": [2.5, 0, 3, 0.5], "texture": "#0"},
				"up": {"uv": [3, 0.5, 1.5, 0], "texture": "#0"},
				"down": {"uv": [3, 0.5, 1.5, 0], "texture": "#0"}
			}
		},
		{
			"from": [7.275, 2.8, 4.5],
			"to": [8.775, 4.3, 5],
			"rotation": {"angle": 0, "axis": "y", "origin": [16.775, 1.8, 17.5]},
			"faces": {
				"north": {"uv": [0, 6, 1.5, 7.5], "texture": "#0"},
				"east": {"uv": [2.5, 0, 3, 0.5], "texture": "#0"},
				"south": {"uv": [1.5, 4, 3, 4.5], "rotation": 180, "texture": "#0"},
				"west": {"uv": [2.5, 0, 3, 0.5], "texture": "#0"},
				"up": {"uv": [3, 4.5, 1.5, 4], "texture": "#0"},
				"down": {"uv": [3, 4.5, 1.5, 4], "texture": "#0"}
			}
		},
		{
			"from": [7.275, 4.3, 4],
			"to": [8.775, 4.8, 4.5],
			"rotation": {"angle": 0, "axis": "y", "origin": [16.775, 1.8, 17.5]},
			"faces": {
				"north": {"uv": [1.5, 0, 3, 0.5], "texture": "#0"},
				"east": {"uv": [2.5, 0, 3, 0.5], "texture": "#0"},
				"south": {"uv": [1.5, 0, 3, 0.5], "rotation": 180, "texture": "#0"},
				"west": {"uv": [2.5, 0, 3, 0.5], "texture": "#0"},
				"up": {"uv": [3, 0.5, 1.5, 0], "texture": "#0"},
				"down": {"uv": [3, 0.5, 1.5, 0], "texture": "#0"}
			}
		},
		{
			"from": [8.775, 2.8, 4],
			"to": [9.275, 4.3, 4.5],
			"rotation": {"angle": 0, "axis": "z", "origin": [8.025, 3.55, 4.25]},
			"faces": {
				"north": {"uv": [1.5, 0, 3, 0.5], "rotation": 90, "texture": "#0"},
				"east": {"uv": [1.5, 0, 3, 0.5], "rotation": 90, "texture": "#0"},
				"south": {"uv": [1.5, 0, 3, 0.5], "rotation": 90, "texture": "#0"},
				"west": {"uv": [1.5, 0, 3, 0.5], "rotation": 90, "texture": "#0"},
				"up": {"uv": [3, 0.5, 2.5, 0], "rotation": 90, "texture": "#0"},
				"down": {"uv": [3, 0.5, 2.5, 0], "rotation": 90, "texture": "#0"}
			}
		},
		{
			"from": [6.775, 2.8, 4],
			"to": [7.275, 4.3, 4.5],
			"rotation": {"angle": 0, "axis": "z", "origin": [8.025, 3.55, 4.25]},
			"faces": {
				"north": {"uv": [1.5, 0, 3, 0.5], "rotation": 90, "texture": "#0"},
				"east": {"uv": [1.5, 0, 3, 0.5], "rotation": 90, "texture": "#0"},
				"south": {"uv": [1.5, 0, 3, 0.5], "rotation": 90, "texture": "#0"},
				"west": {"uv": [1.5, 0, 3, 0.5], "rotation": 90, "texture": "#0"},
				"up": {"uv": [3, 0.5, 2.5, 0], "rotation": 90, "texture": "#0"},
				"down": {"uv": [3, 0.5, 2.5, 0], "rotation": 90, "texture": "#0"}
			}
		},
		{
			"from": [6.275, 2.8, 4.5],
			"to": [6.775, 3.3, 9],
			"rotation": {"angle": 0, "axis": "y", "origin": [16.775, 1.8, 17.5]},
			"faces": {
				"north": {"uv": [2.5, 0, 3, 0.5], "texture": "#0"},
				"east": {"uv": [0.5, 0, 1, 4.5], "rotation": 270, "texture": "#0"},
				"south": {"uv": [0, 0, 0.5, 0.5], "texture": "#missing"},
				"west": {"uv": [0.5, 0, 1, 4.5], "rotation": 90, "texture": "#0"},
				"up": {"uv": [0.5, 4.5, 0, 0], "texture": "#0"},
				"down": {"uv": [1, 0, 0.5, 4.5], "texture": "#0"}
			}
		},
		{
			"from": [9.275, 2.8, 4.5],
			"to": [9.775, 3.3, 9],
			"rotation": {"angle": 0, "axis": "y", "origin": [16.775, 1.8, 17.5]},
			"faces": {
				"north": {"uv": [2.5, 0, 3, 0.5], "texture": "#0"},
				"east": {"uv": [0.5, 0, 1, 4.5], "rotation": 270, "texture": "#0"},
				"south": {"uv": [0, 0, 0.5, 0.5], "texture": "#missing"},
				"west": {"uv": [0.5, 0, 1, 4.5], "rotation": 90, "texture": "#0"},
				"up": {"uv": [0.5, 4.5, 0, 0], "texture": "#0"},
				"down": {"uv": [1, 0, 0.5, 4.5], "texture": "#0"}
			}
		},
		{
			"from": [6.775, 2.3, 4.5],
			"to": [7.275, 2.8, 9],
			"rotation": {"angle": 0, "axis": "y", "origin": [16.775, 1.8, 17.5]},
			"faces": {
				"north": {"uv": [2.5, 0, 3, 0.5], "texture": "#0"},
				"east": {"uv": [0.5, 0, 1, 4.5], "rotation": 270, "texture": "#0"},
				"south": {"uv": [0, 0, 0.5, 0.5], "texture": "#missing"},
				"west": {"uv": [0.5, 0, 1, 4.5], "rotation": 90, "texture": "#0"},
				"up": {"uv": [0.5, 4.5, 0, 0], "texture": "#0"},
				"down": {"uv": [1, 0, 0.5, 4.5], "texture": "#0"}
			}
		},
		{
			"from": [8.775, 2.3, 4.5],
			"to": [9.275, 2.8, 9],
			"rotation": {"angle": 0, "axis": "y", "origin": [16.775, 1.8, 17.5]},
			"faces": {
				"north": {"uv": [2.5, 0, 3, 0.5], "texture": "#0"},
				"east": {"uv": [0.5, 0, 1, 4.5], "rotation": 270, "texture": "#0"},
				"south": {"uv": [0, 0, 0.5, 0.5], "texture": "#missing"},
				"west": {"uv": [0.5, 0, 1, 4.5], "rotation": 90, "texture": "#0"},
				"up": {"uv": [0.5, 4.5, 0, 0], "texture": "#0"},
				"down": {"uv": [1, 0, 0.5, 4.5], "texture": "#0"}
			}
		},
		{
			"from": [8.775, 4.3, 4.5],
			"to": [9.275, 4.8, 9],
			"rotation": {"angle": 0, "axis": "y", "origin": [16.775, 1.8, 17.5]},
			"faces": {
				"north": {"uv": [2.5, 0, 3, 0.5], "texture": "#0"},
				"east": {"uv": [0, 4.5, 0.5, 0], "rotation": 90, "texture": "#0"},
				"south": {"uv": [0, 0, 0.5, 0.5], "texture": "#missing"},
				"west": {"uv": [0.5, 0, 1, 4.5], "rotation": 90, "texture": "#0"},
				"up": {"uv": [0.5, 4.5, 0, 0], "texture": "#0"},
				"down": {"uv": [0.5, 4.5, 0, 0], "texture": "#0"}
			}
		}
	],
	"display": {
		"thirdperson_righthand": {
			"translation": [0, 6.25, -2]
		},
		"thirdperson_lefthand": {
			"translation": [0, 6.25, -2]
		},
		"firstperson_righthand": {
			"translation": [0, 7.25, 3.75]
		},
		"firstperson_lefthand": {
			"translation": [0, 7.25, 3.75]
		},
		"ground": {
			"translation": [0, 2.75, 0]
		},
		"gui": {
			"rotation": [45, -45, 0],
			"translation": [-0.25, 4.5, 0],
			"scale": [1.2, 1.2, 1.2]
		},
		"fixed": {
			"rotation": [-180, 90, -180],
			"translation": [0, 4.25, 0]
		}
	}
}