{
  "sources": [
    {
      "type": "paletted_permutations",
      "textures": [
        "trimmable_tools:trims/items/sword/bolt",
        "trimmable_tools:trims/items/sword/coast",
        "trimmable_tools:trims/items/sword/dune",
        "trimmable_tools:trims/items/sword/eye",
        "trimmable_tools:trims/items/sword/flow",
        "trimmable_tools:trims/items/sword/host",
        "trimmable_tools:trims/items/sword/raiser",
        "trimmable_tools:trims/items/sword/rib",
        "trimmable_tools:trims/items/sword/sentry",
        "trimmable_tools:trims/items/sword/shaper",
        "trimmable_tools:trims/items/sword/silence",
        "trimmable_tools:trims/items/sword/snout",
        "trimmable_tools:trims/items/sword/spire",
        "trimmable_tools:trims/items/sword/tide",
        "trimmable_tools:trims/items/sword/vex",
        "trimmable_tools:trims/items/sword/ward",
        "trimmable_tools:trims/items/sword/wayfinder",
        "trimmable_tools:trims/items/sword/wild",
        "trimmable_tools:trims/items/pickaxe/bolt",
        "trimmable_tools:trims/items/pickaxe/coast",
        "trimmable_tools:trims/items/pickaxe/dune",
        "trimmable_tools:trims/items/pickaxe/eye",
        "trimmable_tools:trims/items/pickaxe/flow",
        "trimmable_tools:trims/items/pickaxe/host",
        "trimmable_tools:trims/items/pickaxe/raiser",
        "trimmable_tools:trims/items/pickaxe/rib",
        "trimmable_tools:trims/items/pickaxe/sentry",
        "trimmable_tools:trims/items/pickaxe/shaper",
        "trimmable_tools:trims/items/pickaxe/silence",
        "trimmable_tools:trims/items/pickaxe/snout",
        "trimmable_tools:trims/items/pickaxe/spire",
        "trimmable_tools:trims/items/pickaxe/tide",
        "trimmable_tools:trims/items/pickaxe/vex",
        "trimmable_tools:trims/items/pickaxe/ward",
        "trimmable_tools:trims/items/pickaxe/wayfinder",
        "trimmable_tools:trims/items/pickaxe/wild",
        "trimmable_tools:trims/items/axe/bolt",
        "trimmable_tools:trims/items/axe/coast",
        "trimmable_tools:trims/items/axe/dune",
        "trimmable_tools:trims/items/axe/eye",
        "trimmable_tools:trims/items/axe/flow",
        "trimmable_tools:trims/items/axe/host",
        "trimmable_tools:trims/items/axe/raiser",
        "trimmable_tools:trims/items/axe/rib",
        "trimmable_tools:trims/items/axe/sentry",
        "trimmable_tools:trims/items/axe/shaper",
        "trimmable_tools:trims/items/axe/silence",
        "trimmable_tools:trims/items/axe/snout",
        "trimmable_tools:trims/items/axe/spire",
        "trimmable_tools:trims/items/axe/tide",
        "trimmable_tools:trims/items/axe/vex",
        "trimmable_tools:trims/items/axe/ward",
        "trimmable_tools:trims/items/axe/wayfinder",
        "trimmable_tools:trims/items/axe/wild",
        "trimmable_tools:trims/items/shovel/bolt",
        "trimmable_tools:trims/items/shovel/coast",
        "trimmable_tools:trims/items/shovel/dune",
        "trimmable_tools:trims/items/shovel/eye",
        "trimmable_tools:trims/items/shovel/flow",
        "trimmable_tools:trims/items/shovel/host",
        "trimmable_tools:trims/items/shovel/raiser",
        "trimmable_tools:trims/items/shovel/rib",
        "trimmable_tools:trims/items/shovel/sentry",
        "trimmable_tools:trims/items/shovel/shaper",
        "trimmable_tools:trims/items/shovel/silence",
        "trimmable_tools:trims/items/shovel/snout",
        "trimmable_tools:trims/items/shovel/spire",
        "trimmable_tools:trims/items/shovel/tide",
        "trimmable_tools:trims/items/shovel/vex",
        "trimmable_tools:trims/items/shovel/ward",
        "trimmable_tools:trims/items/shovel/wayfinder",
        "trimmable_tools:trims/items/shovel/wild",
        "trimmable_tools:trims/items/hoe/bolt",
        "trimmable_tools:trims/items/hoe/coast",
        "trimmable_tools:trims/items/hoe/dune",
        "trimmable_tools:trims/items/hoe/eye",
        "trimmable_tools:trims/items/hoe/flow",
        "trimmable_tools:trims/items/hoe/host",
        "trimmable_tools:trims/items/hoe/raiser",
        "trimmable_tools:trims/items/hoe/rib",
        "trimmable_tools:trims/items/hoe/sentry",
        "trimmable_tools:trims/items/hoe/shaper",
        "trimmable_tools:trims/items/hoe/silence",
        "trimmable_tools:trims/items/hoe/snout",
        "trimmable_tools:trims/items/hoe/spire",
        "trimmable_tools:trims/items/hoe/tide",
        "trimmable_tools:trims/items/hoe/vex",
        "trimmable_tools:trims/items/hoe/ward",
        "trimmable_tools:trims/items/hoe/wayfinder",
        "trimmable_tools:trims/items/hoe/wild"
      ],
      "palette_key": "minecraft:trims/color_palettes/trim_palette",
      "permutations": {
        "quartz": "minecraft:trims/color_palettes/quartz",
        "iron": "minecraft:trims/color_palettes/iron",
        "gold": "minecraft:trims/color_palettes/gold",
        "diamond": "minecraft:trims/color_palettes/diamond",
        "netherite": "minecraft:trims/color_palettes/netherite",
        "redstone": "minecraft:trims/color_palettes/redstone",
        "copper": "minecraft:trims/color_palettes/copper",
        "emerald": "minecraft:trims/color_palettes/emerald",
        "lapis": "minecraft:trims/color_palettes/lapis",
        "amethyst": "minecraft:trims/color_palettes/amethyst",
        "resin": "minecraft:trims/color_palettes/resin",
        "iron_darker": "minecraft:trims/color_palettes/iron_darker",
        "gold_darker": "minecraft:trims/color_palettes/gold_darker",
        "diamond_darker": "minecraft:trims/color_palettes/diamond_darker",
        "netherite_darker": "minecraft:trims/color_palettes/netherite_darker"
      }
    },
    {
      "type": "directory",
      "source": "portal_guns",
      "prefix": "portal_guns/"
    },
    {
      "type": "directory",
      "source": "gravity_guns",
      "prefix": "gravity_guns/"
    }
  ]
}