{

	"textures": {
		"0": "block/russianhat",
		"particle": "block/russianhat"
	},
	"elements": [
		{
			"from": [2, 15, -1],
			"to": [14, 17, 3],
			"faces": {
				"north": {"uv": [0, 0, 11, 2], "texture": "#0"},
				"east": {"uv": [0, 0, 3, 1], "texture": "#0"},
				"south": {"uv": [0, 0, 11, 2], "texture": "#0"},
				"west": {"uv": [0, 0, 3, 1], "texture": "#0"},
				"up": {"uv": [0, 0, 12, 3], "texture": "#0"},
				"down": {"uv": [0, 0, 11, 2], "texture": "#0"}
			}
		},
		{
			"from": [2, 9, -1],
			"to": [14, 11, 6],
			"faces": {
				"north": {"uv": [2, 5, 13, 7], "texture": "#0"},
				"east": {"uv": [2, 5, 13, 7], "texture": "#0"},
				"south": {"uv": [2, 5, 13, 7], "texture": "#0"},
				"west": {"uv": [2, 5, 13, 7], "texture": "#0"},
				"up": {"uv": [2, 5, 13, 7], "texture": "#0"},
				"down": {"uv": [2, 8, 13, 12], "texture": "#0"}
			}
		},
		{
			"from": [2, 10, -2],
			"to": [14, 16, 1],
			"faces": {
				"north": {"uv": [0, 0, 11, 5], "texture": "#0"},
				"east": {"uv": [0, 0, 5, 5], "texture": "#0"},
				"south": {"uv": [0, 0, 11, 5], "texture": "#0"},
				"west": {"uv": [0, 0, 5, 5], "texture": "#0"},
				"up": {"uv": [0, 0, 7, 6], "texture": "#0"},
				"down": {"uv": [0, 0, 11, 5], "texture": "#0"}
			}
		},
		{
			"from": [1, 10, -1],
			"to": [15, 16, 2],
			"faces": {
				"north": {"uv": [0, 0, 13, 5], "texture": "#0"},
				"east": {"uv": [5, 0, 8, 5], "texture": "#0"},
				"south": {"uv": [0, 0, 13, 5], "texture": "#0"},
				"west": {"uv": [0, 0, 4, 5], "texture": "#0"},
				"up": {"uv": [0, 0, 13, 2], "texture": "#0"},
				"down": {"uv": [2, 4, 13, 6], "texture": "#0"}
			}
		},
		{
			"from": [17, 5, 8],
			"to": [18, 6, 10],
			"faces": {
				"north": {"uv": [0, 3, 3, 4], "texture": "#0"},
				"east": {"uv": [0, 3, 3, 4], "texture": "#0"},
				"south": {"uv": [0, 3, 3, 4], "texture": "#0"},
				"west": {"uv": [0, 3, 3, 4], "texture": "#0"},
				"up": {"uv": [0, 3, 3, 4], "texture": "#0"},
				"down": {"uv": [0, 3, 3, 4], "texture": "#0"}
			}
		},
		{
			"from": [17, 6, 7],
			"to": [18, 10, 11],
			"faces": {
				"north": {"uv": [0, 0, 1, 3], "texture": "#0"},
				"east": {"uv": [0, 0, 4, 3], "texture": "#0"},
				"south": {"uv": [0, 0, 1, 3], "texture": "#0"},
				"west": {"uv": [0, 0, 4, 3], "texture": "#0"},
				"up": {"uv": [0, 0, 4, 1], "texture": "#0"},
				"down": {"uv": [0, 3, 4, 4], "texture": "#0"}
			}
		},
		{
			"from": [-2, 5, 8],
			"to": [-1, 6, 10],
			"faces": {
				"north": {"uv": [0, 3, 14, 4], "texture": "#0"},
				"east": {"uv": [0, 3, 14, 4], "texture": "#0"},
				"south": {"uv": [0, 3, 14, 4], "texture": "#0"},
				"west": {"uv": [0, 3, 14, 4], "texture": "#0"},
				"up": {"uv": [0, 3, 14, 4], "texture": "#0"},
				"down": {"uv": [0, 3, 14, 4], "texture": "#0"}
			}
		},
		{
			"from": [-2, 6, 7],
			"to": [-1, 10, 11],
			"faces": {
				"north": {"uv": [0, 0, 1, 3], "texture": "#0"},
				"east": {"uv": [0, 0, 4, 3], "texture": "#0"},
				"south": {"uv": [0, 0, 1, 3], "texture": "#0"},
				"west": {"uv": [0, 0, 4, 3], "texture": "#0"},
				"up": {"uv": [0, 0, 3, 2], "texture": "#0"},
				"down": {"uv": [0, 2, 4, 3], "texture": "#0"}
			}
		},
		{
			"from": [14, 0, 4],
			"to": [16, 3, 13],
			"faces": {
				"north": {"uv": [2, 13, 6, 16], "texture": "#0"},
				"east": {"uv": [2, 13, 11, 16], "texture": "#0"},
				"south": {"uv": [2, 13, 6, 16], "texture": "#0"},
				"west": {"uv": [2, 13, 11, 16], "texture": "#0"},
				"up": {"uv": [2, 13, 6, 16], "texture": "#0"},
				"down": {"uv": [2, 9, 4, 16], "texture": "#0"}
			}
		},
		{
			"from": [2, 0, 14],
			"to": [14, 3, 16],
			"faces": {
				"north": {"uv": [2, 13, 16, 16], "texture": "#0"},
				"east": {"uv": [13, 13, 16, 16], "texture": "#0"},
				"south": {"uv": [2, 13, 16, 16], "texture": "#0"},
				"west": {"uv": [13, 13, 16, 16], "texture": "#0"},
				"up": {"uv": [2, 13, 16, 16], "texture": "#0"},
				"down": {"uv": [2, 14, 16, 16], "texture": "#0"}
			}
		},
		{
			"from": [1, 3, 14],
			"to": [15, 11, 17],
			"faces": {
				"north": {"uv": [2, 7, 13, 14], "texture": "#0"},
				"east": {"uv": [6, 8, 8, 12], "texture": "#0"},
				"south": {"uv": [2, 7, 13, 14], "texture": "#0"},
				"west": {"uv": [6, 8, 8, 12], "texture": "#0"},
				"up": {"uv": [0, 8, 7, 10], "texture": "#0"},
				"down": {"uv": [0, 8, 7, 10], "texture": "#0"}
			}
		},
		{
			"from": [0, 0, 4],
			"to": [2, 3, 13],
			"faces": {
				"north": {"uv": [2, 13, 6, 16], "texture": "#0"},
				"east": {"uv": [2, 13, 11, 16], "texture": "#0"},
				"south": {"uv": [2, 13, 6, 16], "texture": "#0"},
				"west": {"uv": [2, 13, 11, 16], "texture": "#0"},
				"up": {"uv": [2, 13, 6, 16], "texture": "#0"},
				"down": {"uv": [2, 9, 4, 16], "texture": "#0"}
			}
		},
		{
			"from": [-1, 3, 3],
			"to": [2, 11, 15],
			"faces": {
				"north": {"uv": [12, 6, 15, 10], "texture": "#0"},
				"east": {"uv": [4, 6, 15, 10], "texture": "#0"},
				"south": {"uv": [12, 6, 15, 10], "texture": "#0"},
				"west": {"uv": [4, 6, 15, 10], "texture": "#0"},
				"up": {"uv": [4, 5, 6, 10], "texture": "#0"},
				"down": {"uv": [4, 8, 14, 10], "texture": "#0"}
			}
		},
		{
			"from": [14, 3, 3],
			"to": [17, 11, 15],
			"faces": {
				"north": {"uv": [10, 8, 13, 12], "texture": "#0"},
				"east": {"uv": [2, 8, 13, 12], "texture": "#0"},
				"south": {"uv": [10, 8, 13, 12], "texture": "#0"},
				"west": {"uv": [2, 8, 13, 12], "texture": "#0"},
				"up": {"uv": [2, 7, 5, 12], "texture": "#0"},
				"down": {"uv": [2, 8, 13, 12], "texture": "#0"}
			}
		},
		{
			"from": [3, 16, 4],
			"to": [13, 17, 12],
			"faces": {
				"north": {"uv": [4, 6, 10, 8], "texture": "#0"},
				"east": {"uv": [4, 6, 10, 8], "texture": "#0"},
				"south": {"uv": [4, 6, 10, 8], "texture": "#0"},
				"west": {"uv": [4, 6, 10, 8], "texture": "#0"},
				"up": {"uv": [4, 6, 10, 8], "texture": "#0"},
				"down": {"uv": [4, 6, 10, 8], "texture": "#0"}
			}
		},
		{
			"from": [1, 15, 2],
			"to": [15, 16, 14],
			"faces": {
				"north": {"uv": [4, 6, 14, 12], "texture": "#0"},
				"east": {"uv": [4, 10, 14, 12], "texture": "#0"},
				"south": {"uv": [4, 10, 14, 12], "texture": "#0"},
				"west": {"uv": [4, 10, 14, 12], "texture": "#0"},
				"up": {"uv": [4, 6, 14, 12], "texture": "#0"},
				"down": {"uv": [4, 6, 14, 12], "texture": "#0"}
			}
		},
		{
			"from": [0, 14, 1],
			"to": [16, 15, 15],
			"faces": {
				"north": {"uv": [0, 8, 13, 11], "texture": "#0"},
				"east": {"uv": [0, 8, 13, 11], "texture": "#0"},
				"south": {"uv": [0, 8, 13, 11], "texture": "#0"},
				"west": {"uv": [0, 8, 13, 11], "texture": "#0"},
				"up": {"uv": [0, 8, 7, 14], "texture": "#0"},
				"down": {"uv": [0, 8, 7, 14], "texture": "#0"}
			}
		},
		{
			"from": [0, 11, 1],
			"to": [16, 14, 16],
			"faces": {
				"north": {"uv": [1, 10, 15, 13], "texture": "#0"},
				"east": {"uv": [1, 10, 15, 13], "texture": "#0"},
				"south": {"uv": [1, 10, 15, 13], "texture": "#0"},
				"west": {"uv": [1, 10, 15, 13], "texture": "#0"},
				"up": {"uv": [4, 8, 12, 13], "texture": "#0"},
				"down": {"uv": [4, 8, 12, 13], "texture": "#0"}
			}
		}
	],
	"display": {
		"thirdperson_righthand": {
			"rotation": [73, 47, 1],
			"translation": [0, 4.5, 0.5],
			"scale": [0.4, 0.4, 0.4]
		},
		"thirdperson_lefthand": {
			"rotation": [73, 47, 1],
			"translation": [0, 4.5, 0.5],
			"scale": [0.4, 0.4, 0.4]
		},
		"firstperson_righthand": {
			"scale": [0.4, 0.4, 0.4]
		},
		"firstperson_lefthand": {
			"scale": [0.4, 0.4, 0.4]
		},
		"ground": {
			"scale": [0.7, 0.7, 0.7]
		},
		"gui": {
			"rotation": [14, 139, 0],
			"scale": [0.9, 0.9, 0.9]
		},
		"head": {
			"scale": [1.03, 1.03, 1.03]
		},
		"fixed": {
			"scale": [0.9, 0.9, 0.9]
		}
	}
}