{
	"credit": "Made with Blockbench",
	"texture_size": [64, 64],
	"textures": {
		"0": "block/strawberry_hat",
		"particle": "block/strawberry_hat"
	},
	"elements": [
		{
			"name": "body",
			"from": [3.59, 5.375, 3.59],
			"to": [12.41, 8.4, 12.41],
			"rotation": {"angle": 0, "axis": "y", "origin": [7, 5.3, 7]},
			"faces": {
				"north": {"uv": [5, 3.5, 7, 4.25], "texture": "#0"},
				"east": {"uv": [0, 5.5, 2, 6.25], "texture": "#0"},
				"south": {"uv": [0, 6.25, 2, 7], "texture": "#0"},
				"west": {"uv": [2, 6.5, 4, 7.25], "texture": "#0"},
				"up": {"uv": [4.75, 6.5, 2.75, 4.5], "texture": "#0"},
				"down": {"uv": [6.75, 4.5, 4.75, 6.5], "texture": "#0"}
			}
		},
		{
			"name": "end",
			"from": [4.065, 7.375, 4.065],
			"to": [11.935, 8.9, 11.935],
			"rotation": {"angle": 0, "axis": "y", "origin": [7, 6.3, 7]},
			"faces": {
				"north": {"uv": [4, 6.5, 5.75, 7], "texture": "#0"},
				"east": {"uv": [5.75, 6.5, 7.5, 7], "texture": "#0"},
				"south": {"uv": [6.75, 0, 8.5, 0.5], "texture": "#0"},
				"west": {"uv": [6.75, 0.5, 8.5, 1], "texture": "#0"},
				"up": {"uv": [6.75, 1.75, 5, 0], "texture": "#0"},
				"down": {"uv": [6.75, 1.75, 5, 3.5], "texture": "#0"}
			}
		},
		{
			"name": "leaves",
			"from": [6.065, 8.475, 6.065],
			"to": [9.865, 9.075, 9.865],
			"rotation": {"angle": 0, "axis": "y", "origin": [7, 6.4, 7]},
			"faces": {
				"north": {"uv": [2, 6.25, 2.75, 6.5], "texture": "#0"},
				"east": {"uv": [6.75, 4.5, 7.5, 4.75], "texture": "#0"},
				"south": {"uv": [6.75, 4.75, 7.5, 5], "texture": "#0"},
				"west": {"uv": [6.75, 5, 7.5, 5.25], "texture": "#0"},
				"up": {"uv": [2.75, 6.25, 2, 5.5], "texture": "#0"},
				"down": {"uv": [7.5, 1.75, 6.75, 2.5], "texture": "#0"}
			}
		},
		{
			"name": "brim1",
			"from": [3.1, 5.375, 3.1],
			"to": [12.9, 6, 12.9],
			"rotation": {"angle": 0, "axis": "y", "origin": [7, 5.3, 7]},
			"faces": {
				"north": {"uv": [6.75, 2.5, 9, 2.75], "texture": "#0"},
				"east": {"uv": [6.75, 2.75, 9, 3], "texture": "#0"},
				"south": {"uv": [6.75, 3, 9, 3.25], "texture": "#0"},
				"west": {"uv": [6.75, 3.25, 9, 3.5], "texture": "#0"},
				"up": {"uv": [5, 2.25, 2.75, 0], "texture": "#0"},
				"down": {"uv": [5, 2.25, 2.75, 4.5], "texture": "#0"}
			}
		},
		{
			"name": "brim2",
			"from": [2.1, 5.3, 2.1],
			"to": [13.9, 5.625, 13.9],
			"rotation": {"angle": 0, "axis": "y", "origin": [7, 5.3, 7]},
			"faces": {
				"north": {"uv": [5, 4.25, 7.75, 4.5], "texture": "#0"},
				"east": {"uv": [6.75, 1, 9.5, 1.25], "texture": "#0"},
				"south": {"uv": [6.75, 1.25, 9.5, 1.5], "texture": "#0"},
				"west": {"uv": [6.75, 1.5, 9.5, 1.75], "texture": "#0"},
				"up": {"uv": [2.75, 2.75, 0, 0], "texture": "#0"},
				"down": {"uv": [2.75, 2.75, 0, 5.5], "texture": "#0"}
			}
		},
		{
			"name": "stem",
			"from": [7.1, 8.7, 7.1],
			"to": [8.9, 10.3, 8.9],
			"rotation": {"angle": 22.5, "axis": "z", "origin": [8, 8.7, 8]},
			"faces": {
				"north": {"uv": [6.75, 5.25, 7, 5.75], "texture": "#0"},
				"east": {"uv": [6.75, 5.75, 7, 6.25], "texture": "#0"},
				"south": {"uv": [0, 7, 0.25, 7.5], "texture": "#0"},
				"west": {"uv": [0.25, 7, 0.5, 7.5], "texture": "#0"},
				"up": {"uv": [7, 6.5, 6.75, 6.25], "texture": "#0"},
				"down": {"uv": [0.75, 7, 0.5, 7.25], "texture": "#0"}
			}
		}
	],
	"display": {
		"thirdperson_righthand": {
			"rotation": [53.65, 12.87, 3.16],
			"translation": [0, 2, 0],
			"scale": [0.5, 0.5, 0.5]
		},
		"thirdperson_lefthand": {
			"rotation": [53.65, 12.87, 3.16],
			"translation": [0, 2, 0],
			"scale": [0.5, 0.5, 0.5]
		},
		"firstperson_righthand": {
			"rotation": [10.94, 7.32, 10.87],
			"translation": [1.75, 2.75, 0.75],
			"scale": [0.83984, 1, 0.57031]
		},
		"firstperson_lefthand": {
			"rotation": [10.94, 7.32, 10.87],
			"translation": [1.75, 2.75, 0.71],
			"scale": [0.83984, 1, 0.57031]
		},
		"ground": {
			"rotation": [-10.19, 5.71, -11.32],
			"translation": [0, 1.25, -0.25],
			"scale": [0.8, 0.8, 0.8]
		},
		"gui": {
			"rotation": [24.68, 25.71, 12.53],
			"translation": [-0.5, -0.5, 0]
		},
		"head": {
			"rotation": [1, 0, 1],
			"translation": [0, 7.15, 0.25],
			"scale": [1.7, 1.7, 1.7]
		},
		"fixed": {
			"rotation": [-90, 0, 0],
			"translation": [0, 0, -5.5],
			"scale": [2, 2, 2]
		}
	},
	"groups": [
		{
			"name": "strawberry hat",
			"origin": [4, 0, 4],
			"color": 0,
			"children": [0, 1, 2, 3, 4, 5]
		}
	]
}