{"parent": "item/handheld_rod", "textures": {"layer0": "item/warped_fungus_on_a_stick"}, "overrides": [{"predicate": {"custom_model_data": 111100}, "model": "gravity_guns/gravity_gun"}, {"predicate": {"custom_model_data": 111101}, "model": "gravity_guns/sc_gravity_gun"}, {"predicate": {"custom_model_data": 111102}, "model": "gravity_guns/cc_gravity_gun"}, {"predicate": {"custom_model_data": 200700}, "model": "portal_guns/portal_gun"}, {"predicate": {"custom_model_data": 200701}, "model": "portal_guns/portal_gun_b"}]}